speakername,party 
ยิ่งลักษณ์ ชินวัตร,พรรคเพื่อไทย
ยงยุทธ วิชัยดิษฐ,พรรคเพื่อไทย
ร.ต.อ.ดร.เฉลิม อยู่บำรุง,พรรคเพื่อไทย
เสนาะ เทียนทอง,พรรคเพื่อไทย
พล.ต.อ.ประชา พรหมนอก,พรรคเพื่อไทย
มิ่งขวัญ แสงสุวรรณ,พรรคเพื่อไทย
ดร.ปลอดประสพ สุรัสวดี,พรรคเพื่อไทย
จตุพร พรหมพันธุ์,พรรคเพื่อไทย
ณัฐวุฒิ ไสยเกื้อ,พรรคเพื่อไทย
ดร.สุชาติ ธาดาธำรงเวช,พรรคเพื่อไทย
พล.ต.ท.ชัจจ์ กุลดิลก,พรรคเพื่อไทย
จารุพงศ์ เรืองสุวรรณ,พรรคเพื่อไทย
บัณฑูร สุภัควณิช,พรรคเพื่อไทย
พ.อ.ดร.อภิวันท์ วิริยะชัย,พรรคเพื่อไทย
สันติ พร้อมพัฒน์,พรรคเพื่อไทย
พล.ต.อ.วิรุฬห์ พื้นแสน,พรรคเพื่อไทย
พล.ต.ท.วิโรจน์ เปาอินทร์,พรรคเพื่อไทย
วิรุฬ เตชะไพบูลย์,พรรคเพื่อไทย
นายแพทย์เหวง โตจิราการ,พรรคเพื่อไทย
ดร.สุรพงษ์ โตวิจักษณ์ชัยกุล,พรรคเพื่อไทย
นิวัฒน์ธำรง บุญทรงไพศาล,พรรคเพื่อไทย
วัฒนา เมืองสุข,พรรคเพื่อไทย
พล.อ.ยุทธศักดิ์ ศศิประภา,พรรคเพื่อไทย
ร.ต.อ.ดร.นิติภูมิ นวรัตน์,พรรคเพื่อไทย
ดร.ภูวนิดา คุนผลิน,พรรคเพื่อไทย
ดร.สุนัย จุลพงศธร,พรรคเพื่อไทย
ระพิพรรณ พงศ์เรืองรอง,พรรคเพื่อไทย
คณวัฒน์ วศินสังวร,พรรคเพื่อไทย
ดร.อัสนี เชิดชัย,พรรคเพื่อไทย
สุณีย์ เหลืองวิจิตร,พรรคเพื่อไทย
พ.ต.อณันย์ วัชโรทัย,พรรคเพื่อไทย
วิรัช รัตนเศรษฐ,พรรคเพื่อไทย
พรศักดิ์ เจริญประเสริฐ,พรรคเพื่อไทย
นภินทร ศรีสรรพางค์,พรรคเพื่อไทย
ถาวร ตรีรัตน์ณรงค์,พรรคเพื่อไทย
วราภรณ์ ตั้งภากรณ์,พรรคเพื่อไทย
สุนทรี ชัยวิรัตนะ,พรรคเพื่อไทย
ตวงรัตน์ โล่ห์สุนทร,พรรคเพื่อไทย
สมพล เกยุราพันธุ์,พรรคเพื่อไทย
พงศกร อรรณนพพร,พรรคเพื่อไทย
ดร.พร้อมพงศ์ นพฤทธิ์,พรรคเพื่อไทย
ขัตติยา สวัสดิผล,พรรคเพื่อไทย
ธนเทพ ทิมสุวรรณ,พรรคเพื่อไทย
กฤษณา สีหลักษณ์,พรรคเพื่อไทย
เกียรติชัย ติรณศักดิ์กุล,พรรคเพื่อไทย
วิภูแถลง พัฒนภูมิไท,พรรคเพื่อไทย
เยาวนิตย์ เพียงเกษ,พรรคเพื่อไทย
พายัพ ปั้นเกตุ,พรรคเพื่อไทย
รังสิมา เจริญศิริ,พรรคเพื่อไทย
รศ.นายแพทย์เชิดชัย ตันติศิรินทร์,พรรคเพื่อไทย
กานต์ กัลป์ตินันท์,พรรคเพื่อไทย
ธนิก มาศรีพิทักษ์,พรรคเพื่อไทย
พิชิฏ ชื่นบาน,พรรคเพื่อไทย
ก่อแก้ว พิกุลทอง,พรรคเพื่อไทย
นิยม วรปัญญา,พรรคเพื่อไทย
ผศ.ดร.จารุพรรณ กุลดิลก,พรรคเพื่อไทย
อรรถกร ศิริลัทธยากร,พรรคเพื่อไทย
เวียง วรเชษฐ์,พรรคเพื่อไทย
อดิศักดิ์ โภคกุลกานนท์,พรรคเพื่อไทย
วิเชียร ขาวขำ,พรรคเพื่อไทย
ประวัฒน์ อุตโมท,พรรคเพื่อไทย
ดนุพร ปุณณกันต์,พรรคเพื่อไทย
ยุรนันท์ ภมรมนตรี,พรรคเพื่อไทย
บุศริณธญ์ วรพัฒนานันน์,พรรคเพื่อไทย
กิตติศักดิ์ หัตถสงเคราะห์,พรรคเพื่อไทย
อุดมรัตน์ อาภรณ์รัตน์,พรรคเพื่อไทย
ชวลิต วิชยสุทธิ์,พรรคเพื่อไทย
ธวัชชัย สุทธิบงกช,พรรคเพื่อไทย
ทวีศักดิ์ อนรรฆพันธ์,พรรคเพื่อไทย
สรรพภัญญู ศิริไปล์,พรรคเพื่อไทย
มาลินี อินฉัตร,พรรคเพื่อไทย
ชินวัฒน์ หาบุญพาด,พรรคเพื่อไทย
เอกธนัช อินทร์รอด,พรรคเพื่อไทย
ถิรชัย วุฒิธรรม,พรรคเพื่อไทย
สมเกียรติ ศรลัมพ์,พรรคเพื่อไทย
อภิสิทธิ์ เวชชาชีวะ,พรรคประชาธิปัตย์ 
ชวน หลีกภัย,พรรคประชาธิปัตย์ 
บัญญัติ บรรทัดฐาน,พรรคประชาธิปัตย์ 
เทอดพงษ์ ไชยนันทน์,พรรคประชาธิปัตย์ 
จุรินทร์ ลักษณวิศิษฏ์,พรรคประชาธิปัตย์ 
กรณ์ จาติกวณิช,พรรคประชาธิปัตย์ 
ดร.คุณหญิงกัลยา โสภณพนิช,พรรคประชาธิปัตย์ 
อภิรักษ์ โกษะโยธิน,พรรคประชาธิปัตย์ 
ผศ.ดร.ไตรรงค์ สุวรรณคีรี,พรรคประชาธิปัตย์ 
ชำนิ ศักดิเศรษฐ์,พรรคประชาธิปัตย์ 
ไพฑูรย์ แก้วทอง,พรรคประชาธิปัตย์ 
อิสสระ สมชัย,พรรคประชาธิปัตย์ 
ดร.เจริญ คันธวงศ์,พรรคประชาธิปัตย์ 
อลงกรณ์ พลบุตร,พรรคประชาธิปัตย์ 
อาคม เอ่งฉ้วน,พรรคประชาธิปัตย์ 
นิพนธ์ วิสิษฐยุทธศาสตร์,พรรคประชาธิปัตย์ 
สุทัศน์ เงินหมื่น,พรรคประชาธิปัตย์ 
องอาจ คล้ามไพบูลย์,พรรคประชาธิปัตย์ 
พีระพันธุ์ สาลีรัฐวิภาค,พรรคประชาธิปัตย์ 
วิฑูรย์ นามบุตร,พรรคประชาธิปัตย์ 
ถวิล ไพรสณฑ์,พรรคประชาธิปัตย์ 
ศิริวรรณ ปราศจากศัตรู,พรรคประชาธิปัตย์ 
พันเอกวินัย สมพงษ์,พรรคประชาธิปัตย์ 
สุวโรช พะลัง,พรรคประชาธิปัตย์ 
ดร.ผุสดี ตามไท,พรรคประชาธิปัตย์ 
ปัญญวัฒน์ บุญมี,พรรคประชาธิปัตย์ 
ดร.สามารถ ราชพลสิทธิ์,พรรคประชาธิปัตย์ 
นายแพทย์บุรณัชย์ สมุทรักษ์,พรรคประชาธิปัตย์ 
ภุชงค์ รุ่งโรจน์,พรรคประชาธิปัตย์ 
นิพนธ์ บุญญามณี,พรรคประชาธิปัตย์ 
อานิก อัมระนันทน์,พรรคประชาธิปัตย์ 
โกวิทย์ ธารณา,พรรคประชาธิปัตย์ 
อัศวิน วิภูศิริ,พรรคประชาธิปัตย์ 
ธรรมวิชญ์ โพธิพิพิธ,พรรคประชาธิปัตย์ 
เกียรติ สิทธิอมร,พรรคประชาธิปัตย์ 
บุญยอด สุขถิ่นไทย,พรรคประชาธิปัตย์ 
ศ.ดร.กนก วงษ์ตระหง่าน,พรรคประชาธิปัตย์ 
พลเอกพิชาญเมธ ม่วงมณี,พรรคประชาธิปัตย์ 
สุกิจ ก้องธรนินทร์,พรรคประชาธิปัตย์ 
รศ.ดร.ประกอบ จิรกิติ,พรรคประชาธิปัตย์ 
ผศ.ดร.พีรยศ ราฮิมมูลา,พรรคประชาธิปัตย์ 
กษิต ภิรมย์,พรรคประชาธิปัตย์ 
ดร.วีระชัย วีระเมธีกุล,พรรคประชาธิปัตย์ 
รัชฎาภรณ์ แก้วสนิท,พรรคประชาธิปัตย์ 
วัชระ เพชรทอง,พรรคประชาธิปัตย์ 
จุฤทธิ์ ลักษณวิศิษฏ์,พรรคประชาธิปัตย์ 
อิสรา สุนทรวัฒน์,พรรคประชาธิปัตย์ 
ชวนนท์ อินทรโกมาลย์สุต,พรรคประชาธิปัตย์ 
ไชยวัฒน์ ไตรยสุนันท์,พรรคประชาธิปัตย์ 
มณทิพย์ ศรีรัตนา,พรรคประชาธิปัตย์ 
ชวรัตน์ ชาญวีรกูล,พรรคภูมิใจไทย
ชัย ชิดชอบ,พรรคภูมิใจไทย
เรืองศักดิ์ งามสมภาค,พรรคภูมิใจไทย
ดร.นาที รัชกิจประการ,พรรคภูมิใจไทย
ศุภชัย ใจสมุทร,พรรคภูมิใจไทย
ชุมพล ศิลปอาชา,พรรคชาติไทยพัฒนา
พล.ต.สนั่น ขจรประศาสน์,พรรคชาติไทยพัฒนา
นิติวัฒน์ จันทร์สว่าง,พรรคชาติไทยพัฒนา
ยุทธพล อังกินันทน์,พรรคชาติไทยพัฒนา
ประดิษฐ์ ภัทรประสิทธิ์,พรรคชาติไทยพัฒนา
ฐนนท์ศรณ์ เลิศฤทธิ์ศิริกุล,พรรคชาติไทยพัฒนา
ชูวิทย์ กมลวิศิษฎ์,พรรครักประเทศไทย
ชัยวัฒน์ ไกรฤกษ์,พรรครักประเทศไทย
โปรดปราน โต๊ะราหนี,พรรครักประเทศไทย
พงษ์ศักดิ์ เรือนเงิน,พรรครักประเทศไทย
สมเพชร แต่งงาม,พรรครักประเทศไทย
ร.ต.ประพาส ลิมปะพันธุ์,พรรคชาติพัฒนา
ชาญชัย ชัยรุ่งเรือง,พรรคชาติพัฒนา
ศ.ร.ต.อ.ดร.ปุระชัย เปี่ยมสมบูรณ์,พรรครักษ์สันติ
พล.อ.สนธิ บุญยรัตกลิน,พรรคมาตุภูมิ
สันตศักย์ จรูญ งามพิเชษฐ์,พรรคพลังชล
อภิรัต ศิรินาวิน,พรรคมหาชน 
พัชรินทร์ มั่นปาน,พรรคประชาธิปไตยใหม่
เจิมมาศ จึงเลิศศิริ,พรรคประชาธิปัตย์
อรอนงค์ กาญจนชูศักดิ์,พรรคประชาธิปัตย์
หม่อมหลวงอภิมงคล โสณกุล,พรรคประชาธิปัตย์
อนุชา บูรพชัยศรี,พรรคประชาธิปัตย์
ดร.ลีลาวดี วัชโรบล,พรรคเพื่อไทย
ธนา ชีรวินิจ,พรรคประชาธิปัตย์
พุทธิพงษ์ ปุณณกันต์,พรรคประชาธิปัตย์
ดร.สรรเสริญ สมะลาภา,พรรคประชาธิปัตย์
อรรถวิชช์ สุวรรณภักดี,พรรคประชาธิปัตย์
ชื่นชอบ คงอุดม,พรรคประชาธิปัตย์
สุรชาติ เทียนทอง,พรรคเพื่อไทย
การุณ โหสกุล,พรรคเพื่อไทย
แทนคุณ จิตต์อิสระ,พรรคประชาธิปัตย์
นาวาอากาศเอกอนุดิษฐ์ นาครทรรพ,พรรคเพื่อไทย
อนุสรณ์ ปั้นทอง,พรรคเพื่อไทย
ณัฎฐ์ บรรทัดฐาน,พรรคประชาธิปัตย์
พลภูมิ วิภัติภูมิประเทศ,พรรคเพื่อไทย
วิชาญ มีนชัยนันท์,พรรคเพื่อไทย
จิรายุ ห่วงทรัพย์,พรรคเพื่อไทย
ไพโรจน์ อิสระเสรีพงษ์,พรรคเพื่อไทย
ธีรรัตน์ สำเร็จวาณิชย์,พรรคเพื่อไทย
นาถยา เบ็ญจศิริวรรณ,พรรคประชาธิปัตย์
สามารถ มะลูลีม,พรรคประชาธิปัตย์
สุทธิ ปัญญาสกุลวงศ์,พรรคประชาธิปัตย์
สุรันต์ จันทร์พิทักษ์,พรรคประชาธิปัตย์
นันทพร วีรกุลสุนทร,พรรคประชาธิปัตย์
ณัฏฐพล ทีปสุวรรณ,พรรคประชาธิปัตย์
สากล ม่วงศิริ,พรรคประชาธิปัตย์
พันตำรวจเอกสามารถ ม่วงศิริ,พรรคประชาธิปัตย์
เอกนัฏ พร้อมพันธุ์,พรรคประชาธิปัตย์
อรอนงค์ คล้ายนก,พรรคประชาธิปัตย์
วิลาศ จันทร์พิทักษ์,พรรคประชาธิปัตย์
ชนินทร์ รุ่งแสง,พรรคประชาธิปัตย์
ผศ.ดร.รัชดา ธนาดิเรก,พรรคประชาธิปัตย์
ไผ่ ลิกค์,พรรคเพื่อไทย
ปรีชา มุสิกุล,พรรคประชาธิปัตย์
อนันต์ ผลอำนวย,พรรคเพื่อไทย
ปริญญา ฤกษ์หร่าย,พรรคเพื่อไทย
พรทิวา นาคาศัย,พรรคภูมิใจไทย
นันทนา สงฆ์ประชา,พรรคภูมิใจไทย
วุฒิชัย กิตติธเนศวร,พรรคภูมิใจไทย
พันโทสินธพ แก้วพิจิตร,พรรคชาติไทยพัฒนา
รัฐกร เจนกิจณรงค์,พรรคเพื่อไทย
ก่อเกียรติ สิริยะเสถียร,พรรคเพื่อไทย
อนุชา สะสมทรัพย์,พรรคเพื่อไทย
เผดิมชัย สะสมทรัพย์,พรรคเพื่อไทย
สงกรานต์ จิตสุทธิภากร,พรรคประชาธิปัตย์
ดิสทัต คำประกอบ,พรรคเพื่อไทย
สัญชัย วงษ์สุนทร,พรรคเพื่อไทย
พันตำรวจโทนุกูล แสงศิริ,พรรคเพื่อไทย
ทายาท เกียรติชูศักดิ์,พรรคเพื่อไทย
ประสาท ตันประเสริฐ,พรรคชาติพัฒนา
นิทัศน์ ศรีนนท์,พรรคเพื่อไทย
อุดมเดช รัตนเสถียร,พรรคเพื่อไทย
วไลพร อัจฉริยะประสิทธิ์,พรรคเพื่อไทย
มนตรี ตั้งเจริญถาวร,พรรคเพื่อไทย
วันชัย เจริญนนทสิทธิ์,พรรคเพื่อไทย
ฉลอง เรี่ยวแรง,พรรคเพื่อไทย
สุทิน นพขำ,พรรคเพื่อไทย
สุรพงษ์ อึ้งอัมพรวิไล,พรรคเพื่อไทย
สมศักดิ์ ใจแคล้ว,พรรคเพื่อไทย
พรพิมล ธรรมสาร,พรรคเพื่อไทย
ว่าที่ร้อยตรีสุเมธ ฤทธาคนี,พรรคเพื่อไทย
เกียรติศักดิ์ ส่องแสง,พรรคประชาธิปัตย์
ชูชาติ หาญสวัสดิ์,พรรคเพื่อไทย
เกื้อกูล ด่านชัยวิจิตร,พรรคชาติไทยพัฒนา
พ้อง ชีวานันท์,พรรคเพื่อไทย
สุรศักดิ์ พันธ์เจริญวรกุล,พรรคเพื่อไทย
วิทยา บุรณศิริ,พรรคเพื่อไทย
องอาจ วชิรพงศ์,พรรคเพื่อไทย
วินัย ภัทรประสิทธิ์,พรรคชาติไทยพัฒนา
นราพัฒน์ แก้วทอง,พรรคประชาธิปัตย์
ศิริวัฒน์ ขจรประศาสน์,พรรคชาติไทยพัฒนา
วรงค์ เดชกิจวิกรม,พรรคประชาธิปัตย์
นพพล เหลืองทองนารา,พรรคเพื่อไทย
จุติ ไกรฤกษ์,พรรคประชาธิปัตย์
นิยม ช่างพินิจ,พรรคเพื่อไทย
นคร มาฉิม,พรรคประชาธิปัตย์
สุทัศน์ จันทร์แสงศรี,พรรคเพื่อไทย
จักรัตน์ พั้วช่วย,พรรคเพื่อไทย
ยุพราช บัวอินทร์,พรรคประชาธิปัตย์
วันเพ็ญ พร้อมพัฒน์,พรรคเพื่อไทย
สุรศักดิ์ อนรรฆพันธ์,พรรคเพื่อไทย
เอี่ยม ทองใจสด,พรรคเพื่อไทย
พิชัย เกียรติวินัยสกุล,พรรคเพื่อไทย
มัลลิกา จิระพันธุ์วาณิช,พรรคภูมิใจไทย
อำนวย คลังผา,พรรคเพื่อไทย
เกียรติ เหลืองขจรวิทย์,พรรคภูมิใจไทย
พหล วรปัญญา,พรรคเพื่อไทย
อรุณลักษณ์ กิจเลิศไพโรจน์,พรรคเพื่อไทย
ประเสริฐ ชัยกิจเด่นนภาลัย,พรรคเพื่อไทย
อนุสรา ยังตรง,พรรคเพื่อไทย
วรชัย เหมะ,พรรคเพื่อไทย
สลิลทิพย์ สุขวัฒน์,พรรคเพื่อไทย
เรวดี รัศมิทัต,พรรคภูมิใจไทย
ประชา ประสพดี,พรรคเพื่อไทย
รังสิมา รอดรัศมี,พรรคประชาธิปัตย์
ครรชิต ทับสุวรรณ,พรรคประชาธิปัตย์
บุญชู นิลถนอม,พรรคเพื่อไทย
นิติรัฐ สุนทรวร,พรรคประชาธิปัตย์
กัลยา รุ่งวิจิตรชัย,พรรคประชาธิปัตย์
อรรถพล วงษ์ประยูร,พรรคเพื่อไทย
วัชรพงศ์ คูวิจิตรสุวรรณ,พรรคภูมิใจไทย
องอาจ วงษ์ประยูร,พรรคเพื่อไทย
สุรสาล ผาสุข,พรรคเพื่อไทย
วิรัตน์ วิริยะพงษ์,พรรคประชาธิปัตย์
สัมพันธ์ ตั้งเบญจผล,พรรคประชาธิปัตย์
จักรวาล ชัยวิรัตน์นุกุล,พรรคภูมิใจไทย
มนู พุกประเสริฐ,พรรคภูมิใจไทย
สรชัด สุจิตต์,พรรคชาติไทยพัฒนา
ชาญชัย ประเสริฐสุวรรณ,พรรคชาติไทยพัฒนา
นพดล มาตรศรี,พรรคชาติไทยพัฒนา
พัชรี โพธสุธน,พรรคชาติไทยพัฒนา
สหรัฐ กุลศรี,พรรคเพื่อไทย
ภราดร ปริศนานันทกุล,พรรคชาติไทยพัฒนา
กรวีร์ ปริศนานันทกุล,พรรคชาติไทยพัฒนา
กุลเดช พัวพัฒนกุล,พรรคประชาธิปัตย์
ชาดา ไทยเศรษฐ์,พรรคชาติไทยพัฒนา
สามารถ แก้วมีชัย,พรรคเพื่อไทย
สุรสิทธิ์ เจียมวิจักษณ์,พรรคเพื่อไทย
วิสาระดี เตชะธีราวัฒน์,พรรคเพื่อไทย
รังสรรค์ วันไชยธนวงศ์,พรรคเพื่อไทย
พิเชษฐ์ เชื้อเมืองพาน,พรรคเพื่อไทย
อิทธิเดช แก้วหลวง,พรรคเพื่อไทย
ละออง ติยะไพรัช,พรรคเพื่อไทย
ทัศนีย์ บูรณุปกรณ์,พรรคเพื่อไทย
กฤษดาภรณ์ เสียมภักดี,พรรคเพื่อไทย
ชินณิชา วงศ์สวัสดิ์,พรรคเพื่อไทย
เกษม นิมมลรัตน์,พรรคเพื่อไทย
เยาวภา วงศ์สวัสดิ์,พรรคเพื่อไทย
วิทยา ทรงคำ,พรรคเพื่อไทย
ประสิทธิ์ วุฒินันชัย,พรรคเพื่อไทย
จุลพันธ์ อมรวิวัฒน์,พรรคเพื่อไทย
บุญทรง เตริยาภิรมย์,พรรคเพื่อไทย
นพคุณ รัฐผไท,พรรคเพื่อไทย
สุรพล เกียรติไชยากร,พรรคเพื่อไทย
ศรีเรศ โกฎคำลือ,พรรคเพื่อไทย
สิรินทร รามสูต,พรรคเพื่อไทย
นายแพทย์ชลน่าน ศรีแก้ว,พรรคเพื่อไทย
ณัฐพงษ์ สุปริยศิลป์,พรรคเพื่อไทย
อรุณี ชำนาญยา,พรรคเพื่อไทย
วิสุทธิ์ ไชยณรุณ,พรรคเพื่อไทย
ไพโรจน์ ตันบรรจง,พรรคเพื่อไทย
ปานหทัย เสรีรักษ์,พรรคเพื่อไทย
นิยม วิวรรธนดิฐกุล,พรรคเพื่อไทย
วรวัจน์ เอื้ออภิญญกุล,พรรคเพื่อไทย
สมบัติ ยะสินธุ์,พรรคประชาธิปัตย์
สมโภช สายเทพ,พรรคเพื่อไทย
วาสิต พยัคฆบุตร,พรรคเพื่อไทย
จรัสฤทธิ์ จันทรสุรินทร์,พรรคเพื่อไทย
อิทธิรัตน์ จันทรสุรินทร์,พรรคเพื่อไทย
สงวน พงษ์มณี,พรรคเพื่อไทย
สถาพร มณีรัตน์,พรรคเพื่อไทย
รังสรรค์ มณีรัตน์,พรรคเพื่อไทย
กนก ลิ้มตระกูล,พรรคเพื่อไทย
ศรัณย์วุฒิ ศรัณย์เกตุ,พรรคเพื่อไทย
ทนุศักดิ์ เล็กอุทัย,พรรคเพื่อไทย
บุญรื่น ศรีธเรศ,พรรคเพื่อไทย
วีระวัฒน์ โอสถานุเคราะห์,พรรคเพื่อไทย
คมเดช ไชยศิวามงคล,พรรคเพื่อไทย
พีระเพชร ศิริกุล,พรรคเพื่อไทย
นิพนธ์ ศรีธเรศ,พรรคเพื่อไทย
ประเสริฐ บุญเรือง,พรรคเพื่อไทย
จักริน พัฒน์ดำรงจิตร,พรรคเพื่อไทย
ภูมิ สาระผล,พรรคเพื่อไทย
จตุพร เจริญเชื้อ,พรรคเพื่อไทย
มุกดา พงษ์สมบัติ,พรรคเพื่อไทย
สุชาย ศรีสุรพล,พรรคเพื่อไทย
สมศักดิ์ เกียรติสุรนนท์,พรรคเพื่อไทย
นวัธ เตาะเจริญสุข,พรรคเพื่อไทย
ดวงแข อรรณนพพร,พรรคเพื่อไทย
ร้อยโทปรีชาพล พงษ์พานิช,พรรคเพื่อไทย
เรืองเดช สุพรรณฝ่าย,พรรคเพื่อไทย
โอชิษฐ์ เกียรติก้องชูชัย,พรรคภูมิใจไทย
มานะ โลหะวณิชย์,พรรคเพื่อไทย
ปาริชาติ ชาลีเครือ,พรรคเพื่อไทย
อนันต์ ลิมปคุปตถาวร,พรรคเพื่อไทย
เจริญ จรรย์โกมล,พรรคเพื่อไทย
พรเพ็ญ บุญศิริวัฒนกุล,พรรคเพื่อไทย
สุรวิทย์ คนสมบูรณ์,พรรคเพื่อไทย
ยุทธจักร เรืองวรบูรณ์,พรรคเพื่อไทย
มนพร เจริญศรี,พรรคเพื่อไทย
ไพจิต ศรีวรขาน,พรรคเพื่อไทย
ชูกัน กุลวงษา,พรรคเพื่อไทย
วรรณรัตน์ ชาญนุกูล,พรรคชาติพัฒนา
วัชรพล โตมรศักดิ์,พรรคชาติพัฒนา
ประเสริฐ บุญชัยสุข,พรรคชาติพัฒนา
ทัศนียา รัตนเศรษฐ,พรรคเพื่อไทย
โกศล ปัทมะ,พรรคเพื่อไทย
สุชาติ ภิญโญ,พรรคเพื่อไทย
อธิรัฐ รัตนเศรษฐ,พรรคเพื่อไทย
จรูญพงศ์ พันธุ์ศรีนคร,พรรคเพื่อไทย
พลพีร์ สุวรรณฉวี,พรรคชาติพัฒนา
บุญจง วงศ์ไตรรัตน์,พรรคภูมิใจไทย
สัมภาษณ์ อัตถาวงศ์,พรรคเพื่อไทย
ประนอม โพธิ์คำ,พรรคภูมิใจไทย
ศิรสิทธิ์ เลิศด้วยลาภ,พรรคเพื่อไทย
ประเสริฐ จันทรรวงทอง,พรรคเพื่อไทย
วิสิทธิ์ พิทยาภรณ์,พรรคภูมิใจไทย
เชิดพงศ์ ราชป้องขันธ์,พรรคเพื่อไทย
ไตรรงค์ ติธรรม,พรรคเพื่อไทย
สนอง เทพอักษรณรงค์,พรรคภูมิใจไทย
รังสิกร ทิมาตฤกะ,พรรคภูมิใจไทย
โสภณ ซารัมย์,พรรคภูมิใจไทย
อารีญาภรณ์ ซารัมย์,พรรคภูมิใจไทย
มนต์ไชย ชาติวัฒนศิริ,พรรคภูมิใจไทย
พรชัย ศรีสุริยันโยธิน,พรรคเพื่อไทย
หนูแดง วรรณกางซ้าย,พรรคเพื่อไทย
รุ่งโรจน์ ทองศรี,พรรคภูมิใจไทย
จักรกฤษณ์ ทองศรี,พรรคภูมิใจไทย
สุรจิตร ยนต์ตระกูล,พรรคเพื่อไทย
ไชยวัฒน์ ติณรัตน์,พรรคเพื่อไทย
ยุทธพงศ์ จรัสเสถียร,พรรคเพื่อไทย
จิรวัฒน์ ศิริพานิชย์,พรรคเพื่อไทย
กุสุมาลวตี ศิริโกมุท,พรรคเพื่อไทย
อนุรักษ์ ตั้งปณิธานนท์,พรรคเพื่อไทย
บุญฐิน ประทุมลี,พรรคเพื่อไทย
ปิยวัฒน พันธ์สายเชื้อ,พรรคเพื่อไทย
บุญแก้ว สมวงศ์,พรรคเพื่อไทย
พีรพันธุ์ พาลุสุข,พรรคเพื่อไทย
วราวงษ์ พันธุ์ศิลา,พรรคเพื่อไทย
ฉลาด ขามช่วง,พรรคเพื่อไทย
นิรมิต สุจารี,พรรคเพื่อไทย
นิรันดร์ นาเมืองรักษ์,พรรคเพื่อไทย
เอมอร สินธุไพร,พรรคเพื่อไทย
กิตติ สมทรัพย์,พรรคเพื่อไทย
ศักดา คงเพชร,พรรคเพื่อไทย
เศกสิทธิ์ ไวนิยมพงศ์,พรรคเพื่อไทย
ปรีชา เร่งสมบูรณ์สุข,พรรคเพื่อไทย
นันทนา ทิมสุวรรณ,พรรคเพื่อไทย
เปล่งมณี เร่งสมบูรณ์สุข,พรรคเพื่อไทย
วันชัย บุษบา,พรรคเพื่อไทย
ธเนศ เครือรัตน์,พรรคเพื่อไทย
สุรชาติ ชาญประดิษฐ์,พรรคเพื่อไทย
อุดมลักษณ์ เพ็งนรพัฒน์,พรรคภูมิใจไทย
วิวัฒน์ชัย โหตระไวศยะ,พรรคเพื่อไทย
ธีระ ไตรสรณกุล,พรรคเพื่อไทย
วีระพล จิตสัมฤทธิ์,พรรคเพื่อไทย
มานพ จรัสดำรงนิตย์,พรรคเพื่อไทย
ปวีณ แซ่จึง,พรรคเพื่อไทย
อภิชาติ ตีรสวัสดิชัย,พรรคเพื่อไทย
นิยม เวชกามา,พรรคเพื่อไทย
นริศร ทองธิราช,พรรคเพื่อไทย
พัฒนา สัพโส,พรรคเพื่อไทย
อนุรักษ์ บุญศล,พรรคเพื่อไทย
เสรี สาระนันท์,พรรคเพื่อไทย
เกษม อุประ,พรรคเพื่อไทย
ปกรณ์ มุ่งเจริญพร,พรรคภูมิใจไทย
ปิยะดา มุ่งเจริญพร,พรรคเพื่อไทย
คุณากร ปรีชาชนะชัย,พรรคเพื่อไทย
ตี๋ใหญ่ พูนศรีธนากูล,พรรคเพื่อไทย
ครูมานิตย์ สังข์พุ่ม,พรรคเพื่อไทย
จ่าสิบตำรวจประสิทธิ์ ไชยศีรษะ,พรรคเพื่อไทย
สมบัติ ศรีสุรินทร์,พรรคเพื่อไทย
ชูศักดิ์ แอกทอง,พรรคเพื่อไทย
ว่าที่ร้อยตรีพงศ์พันธ์ สุนทรชัย,พรรคเพื่อไทย
สมคิด บาลไธสง,พรรคเพื่อไทย
ชมภู จันทาทอง,พรรคเพื่อไทย
พิษณุ หัตถสงเคราะห์,พรรคเพื่อไทย
ไชยา พรหมา,พรรคเพื่อไทย
วิชัย สามิตร,พรรคเพื่อไทย
ศราวุธ เพชรพนมพร,พรรคเพื่อไทย
พันตำรวจโทสุรทิน พิมานเมฆินทร์,พรรคเพื่อไทย
อนันต์ ศรีพันธุ์,พรรคเพื่อไทย
ขจิตร ชัยนิคม,พรรคเพื่อไทย
ทองดี มนิสสาร,พรรคเพื่อไทย
เกียรติ์อุดม เมนะสวัสดิ์,พรรคเพื่อไทย
จักรพรรดิ ไชยสาส์น,พรรคเพื่อไทย
เกรียงศักดิ์ ฝ้ายสีงาม,พรรคเพื่อไทย
เทียบจุฑา ขาวขำ,พรรคเพื่อไทย
วรสิทธิ์ กัลป์ตินันท์,พรรคเพื่อไทย
ศุภชัย ศรีหล้า,พรรคประชาธิปัตย์
วุฒิพงษ์ นามบุตร,พรรคประชาธิปัตย์
สุพล ฟองงาม,พรรคเพื่อไทย
สุทธิชัย จรูญเนตร,พรรคเพื่อไทย
พิสิษฐ์ สันตพันธุ์,พรรคเพื่อไทย
ชูวิทย์ พิทักษ์พรพัลลภ,พรรคเพื่อไทย
บุณย์ธิดา สมชัย,พรรคประชาธิปัตย์
ปัญญา จินตะเวช,พรรคเพื่อไทย
สมคิด เชื้อคง,พรรคเพื่อไทย
ตุ่น จินตะเวช,พรรคชาติไทยพัฒนา
สมหญิง บัวบุตร,พรรคเพื่อไทย
อภิวัฒน์ เงินหมื่น,พรรคประชาธิปัตย์
สาคร เกี่ยวข้อง,พรรคประชาธิปัตย์
สุชีน เอ่งฉ้วน,พรรคประชาธิปัตย์
พิเชษฐ พันธุ์วิชาติกุล,พรรคประชาธิปัตย์
ชุมพล จุลใส,พรรคประชาธิปัตย์
สราวุธ อ่อนละมัย,พรรคประชาธิปัตย์
ธีระชาติ ปางวิรุฬรักษ์,พรรคประชาธิปัตย์
สุกิจ อัถโถปกรณ์,พรรคประชาธิปัตย์
สาทิตย์ วงศ์หนองเตย,พรรคประชาธิปัตย์
สมชาย โล่สถาพรพิพิธ,พรรคประชาธิปัตย์
สมบูรณ์ อุทัยเวียนกุล,พรรคประชาธิปัตย์
อภิชาต ศักดิเศรษฐ์,พรรคประชาธิปัตย์
นริศา อดิเทพวรพันธุ์,พรรคประชาธิปัตย์
วิทยา แก้วภราดัย,พรรคประชาธิปัตย์
อภิชาต การิกาญจน์,พรรคประชาธิปัตย์
ประกอบ รัตนพันธ์,พรรคประชาธิปัตย์
เทพไท เสนพงศ์,พรรคประชาธิปัตย์
ชินวรณ์ บุณยเกียรติ,พรรคประชาธิปัตย์
สุรเชษฐ์ มาศดิตถ์,พรรคประชาธิปัตย์
พิมพ์ภัทรา วิชัยกุล,พรรคประชาธิปัตย์
กูอาเซ็ม กูจินามิง,พรรคประชาธิปัตย์
สุรเชษฐ์ แวอาแซ,พรรคประชาธิปัตย์
รำรี มามะ,พรรคประชาธิปัตย์
เจะอามิง โตะตาหยง,พรรคประชาธิปัตย์
อันวาร์ สาและ,พรรคประชาธิปัตย์
อิสมาแอล เบญอิบรอฮีม,พรรคประชาธิปัตย์
อนุมัติ ซูสารอ,พรรคมาตุภูมิ
สมมุติ เบ็ญจลักษณ์,พรรคภูมิใจไทย
กันตวรรณ ตันเถียร กุลจรรยาวิวัฒน์,พรรคประชาธิปัตย์
สุพัชรี ธรรมเพชร,พรรคประชาธิปัตย์
นิพิฏฐ์ อินทรสมบัติ,พรรคประชาธิปัตย์
นริศ ขำนุรักษ์,พรรคประชาธิปัตย์
อัญชลี เทพบุตร,พรรคประชาธิปัตย์
เรวัต อารีรอบ,พรรคประชาธิปัตย์
ประเสริฐ พงษ์สุวรรณศิริ,พรรคประชาธิปัตย์
อับดุลการิม เด็งระกีนา,พรรคประชาธิปัตย์
ณรงค์ ดูดิง,พรรคประชาธิปัตย์
วิรัช ร่มเย็น,พรรคประชาธิปัตย์
เจือ ราชสีห์,พรรคประชาธิปัตย์
ภิรพล ลาภาโรจน์กิจ,พรรคประชาธิปัตย์
วิรัตน์ กัลยาศิริ,พรรคประชาธิปัตย์
ชัยวุฒิ ผ่องแผ้ว,พรรคประชาธิปัตย์
ประพร เอกอุรุ,พรรคประชาธิปัตย์
ถาวร เสนเนียม,พรรคประชาธิปัตย์
ศิริโชค โสภา,พรรคประชาธิปัตย์
พลตำรวจตรีสุรินทร์ ปาลาเร่,พรรคประชาธิปัตย์
ธานินทร์ ใจสมุทร,พรรคชาติไทยพัฒนา
ฮอชาลี ม่าเหร็ม,พรรคประชาธิปัตย์
ธานี เทือกสุบรรณ,พรรคประชาธิปัตย์
สุเทพ เทือกสุบรรณ,พรรคประชาธิปัตย์
โสภา กาญจนะ,พรรคประชาธิปัตย์
เชน เทือกสุบรรณ,พรรคประชาธิปัตย์
สินิตย์ เลิศไกร,พรรคประชาธิปัตย์
ธีรภัทร พริ้งศุลกะ,พรรคประชาธิปัตย์
ธวัชชัย อนามพงษ์,พรรคประชาธิปัตย์
ยุคล ชนะวัฒน์ปัญญา,พรรคประชาธิปัตย์
พงศ์เวช เวชชาชีวะ,พรรคประชาธิปัตย์
บุญเลิศ ไพรินทร์,พรรคประชาธิปัตย์
สมชัย อัศวชัยโสภณ,พรรคเพื่อไทย
รส มะลิผล,พรรคเพื่อไทย
พลตำรวจโทพิทักษ์ จารุสมบัติ,พรรคประชาธิปัตย์
สุชาติ ชมกลิ่น,พรรคพลังชล
อุกฤษณ์ ตั๊นสวัสดิ์,พรรคพลังชล
รณเทพ อนุวัฒน์,พรรคพลังชล
สรวุฒิ เนื่องจำนงค์,พรรคประชาธิปัตย์
พันธุ์ศักดิ์ เกตุวัตถา,พรรคพลังชล
สุกุมล คุณปลื้ม,พรรคพลังชล
ปรเมศวร์ งามพิเชษฐ์,พรรคพลังชล
พลเรือเอกสุรพล จันทน์แดง,พรรคเพื่อไทย
ธีระ สลักเพชร,พรรคประชาธิปัตย์
อำนาจ วิลาวัลย์,พรรคภูมิใจไทย
ชยุต ภุมมะกาญจนะ,พรรคชาติไทยพัฒนา
เพชรินทร์ เสียงเจริญ,พรรคภูมิใจไทย
สาธิต ปิตุเตชะ,พรรคประชาธิปัตย์
บัญญัติ เจตนจันทร์,พรรคประชาธิปัตย์
ธารา ปิตุเตชะ,พรรคประชาธิปัตย์
วิชัย ล้ำสุทธิ,พรรคประชาธิปัตย์
ฐานิสร์ เทียนทอง,พรรคเพื่อไทย
ตรีนุช เทียนทอง,พรรคเพื่อไทย
สรวงศ์ เทียนทอง,พรรคเพื่อไทย
พลเอกสมชาย วิษณุวงศ์,พรรคเพื่อไทย
ฉัตรพันธ์ เดชกิจสุนทร,พรรคประชาธิปัตย์
สุรพงษ์ ปิยะโชติ,พรรคเพื่อไทย
ประชา โพธิพิพิธ,พรรคประชาธิปัตย์
ศรีสมร รัศมีฤกษ์เศรษฐ์,พรรคประชาธิปัตย์
เธียรชัย สุวรรณเพ็ญ,พรรคประชาธิปัตย์
ชัยวุฒิ บรรณวัฒน์,พรรคประชาธิปัตย์
ธนิตพล ไชยนันทน์,พรรคประชาธิปัตย์
มนตรี ปาน้อยนนท์,พรรคประชาธิปัตย์
เฉลิมชัย ศรีอ่อน,พรรคประชาธิปัตย์
ประมวล พงศ์ถาวราเดช,พรรคประชาธิปัตย์
อรรถพร พลบุตร,พรรคประชาธิปัตย์
กัมพล สุภาแพ่ง,พรรคประชาธิปัตย์
อภิชาติ สุภาแพ่ง,พรรคประชาธิปัตย์
มานิต นพอมรบดี,พรรคภูมิใจไทย
บุญยิ่ง นิติกาญจนา,พรรคภูมิใจไทย
ปารีณา ไกรคุปต์,พรรคชาติไทยพัฒนา
ชะวรลัทธิ์ ชินธรรมมิตร,พรรคภูมิใจไทย
บุญดำรง ประเสริฐโสภา,พรรคภูมิใจไทย
