speakername,party
วรรณวิภา ไม้สน,พรรคก้าวไกล 
พิธา ลิ้มเจริญรัตน์,พรรคก้าวไกล 
สุรเชษฐ์ ประวีณวงศ์วุฒิ,พรรคก้าวไกล 
ธัญญ์วาริน สุขะพิสิษฐ์,พรรคก้าวไกล 
พิจารณ์ เชาวพัฒนวงศ์,พรรคก้าวไกล 
อภิชาติ ศิริสุนทร,พรรคก้าวไกล 
ศิริกัญญา ตันสกุล,พรรคก้าวไกล 
รังสิมันต์ โรม,พรรคก้าวไกล 
วินท์ สุธีรชัย,พรรคก้าวไกล 
สุเทพ อู่อ้น,พรรคก้าวไกล 
ปริญญา ช่วยเกตุ คีรีรัตน์,พรรคก้าวไกล 
ณัฐพล สืบศักดิ์วงศ์,พรรคก้าวไกล 
ธัญวัจน์ กมลวงศ์วัฒน์,พรรคก้าวไกล 
คารม พลพรกลาง,พรรคก้าวไกล 
สมชาย ฝั่งชลจิตร,พรรคก้าวไกล 
วาโย อัศวรุ่งเรือง,พรรคก้าวไกล 
คำพอง เทพาคำ,พรรคก้าวไกล 
อมรัตน์ โชคปมิตต์กุล,พรรคก้าวไกล 
พลตำรวจตรี สุพิศาล ภักดีนฤนาถ,พรรคก้าวไกล 
นิติพล ผิวเหมาะ,พรรคก้าวไกล 
วิโรจน์ ลักขณาอดิศร,พรรคก้าวไกล 
ปกรณ์วุฒิ อุดมพิพัฒน์สกุล,พรรคก้าวไกล 
วรภพ วิริยะโรจน์,พรรคก้าวไกล 
กัญจน์พงศ์ จงสุทธนามณี,พรรคก้าวไกล 
เบญจา แสงจันทร์,พรรคก้าวไกล 
พันตำรวจตรี ชวลิต เลาหอุดมพันธ์,พรรคก้าวไกล 
ณัฐวุฒิ บัวประทุม,พรรคก้าวไกล 
ทวีศักดิ์ ทักษิณ,พรรคก้าวไกล 
ประเสริฐพงษ์ ศรนุวัตร์,พรรคก้าวไกล 
รองศาสตราจารย์สุรวาท ทองบุ,พรรคก้าวไกล 
องค์การ ชัยบุตร,พรรคก้าวไกล 
เกษมสันต์ มีทิพย์,พรรคก้าวไกล 
ธีรัจชัย พันธุมาศ,พรรคก้าวไกล 
สมเกียรติ ไชยวิสุทธิกุล,พรรคก้าวไกล 
ณธีภัสร์ กุลเศรษฐสิทธิ์,พรรคก้าวไกล 
มานพ คีรีภูวดล,พรรคก้าวไกล 
ประเดิมชัย บุญช่วยเหลือ,พรรคเพื่อไทย
สุรชาติ เทียนทอง,พรรคเพื่อไทย
การุณ โหสกุล,พรรคเพื่อไทย
นาวาอากาศเอก อนุดิษฐ์ นาครทรรพ,พรรคเพื่อไทย
อนุสรณ์ ปั้นทอง,พรรคเพื่อไทย
พลภูมิ วิภัติภูมิประเทศ,พรรคเพื่อไทย
จิรายุ ห่วงทรัพย์,พรรคเพื่อไทย
ธีรรัตน์ สำเร็จวาณิชย์,พรรคเพื่อไทย
วัน อยู่บำรุง,พรรคเพื่อไทย
สุภาภรณ์ คงวุฒิปัญญา,พรรคเพื่อไทย
วุฒิชัย กิตติธเนศวร,พรรคเพื่อไทย
ทายาท เกียรติชูศักดิ์,พรรคเพื่อไทย
จิรพงษ์ ทรงวัชราภรณ์,พรรคเพื่อไทย
มานะศักดิ์ จันทร์ประสงค์,พรรคเพื่อไทย
มนตรี ตั้งเจริญถาวร,พรรคเพื่อไทย
วันชัย เจริญนนทสิทธิ์,พรรคเพื่อไทย
ภณณัฏฐ์ ศรีอินทร์สุทธิ์,พรรคเพื่อไทย
สุรพงษ์ อึ้งอัมพรวิไล,พรรคเพื่อไทย
ศุภชัย นพขำ,พรรคเพื่อไทย
ชัยยันต์ ผลสุวรรณ์,พรรคเพื่อไทย
นพ ชีวานันท์,พรรคเพื่อไทย
จิรทัศ ไกรเดชา,พรรคเพื่อไทย
นพพล เหลืองทองนารา,พรรคเพื่อไทย
นิยม ช่างพินิจ,พรรคเพื่อไทย
อุบลศักดิ์ บัวหลวงงาม,พรรคเพื่อไทย
องอาจ วงษ์ประยูร,พรรคเพื่อไทย
วิสิษฐ์ เตชะธีราวัฒน์,พรรคเพื่อไทย
วิสาร เตชะธีราวัฒน์,พรรคเพื่อไทย
รังสรรค์ วันไชยธนวงศ์,พรรคเพื่อไทย
พิเชษฐ์ เชื้อเมืองพาน,พรรคเพื่อไทย
ละออง ติยะไพรัช,พรรคเพื่อไทย
ทัศนีย์ บูรณุปกรณ์,พรรคเพื่อไทย
นพคุณ รัฐผไท,พรรคเพื่อไทย
จักรพล ตั้งสุทธิธรรม,พรรคเพื่อไทย
วิทยา ทรงคำ,พรรคเพื่อไทย
สมพงษ์ อมรวิวัฒน์,พรรคเพื่อไทย
จุลพันธ์ อมรวิวัฒน์,พรรคเพื่อไทย
ประสิทธิ์ วุฒินันชัย,พรรคเพื่อไทย
ศรีเรศ โกฎคำลือ,พรรคเพื่อไทย
สิรินทร รามสูต,พรรคเพื่อไทย
ชลน่าน ศรีแก้ว,พรรคเพื่อไทย
ณัฐพงษ์ สุปริยศิลป์,พรรคเพื่อไทย
วิสุทธิ์ ไชยณรุณ,พรรคเพื่อไทย
กิตติกร โล่ห์สุนทร,พรรคเพื่อไทย
ไพโรจน์ โล่ห์สุนทร,พรรคเพื่อไทย
จรัสฤทธิ์ จันทรสุรินทร์,พรรคเพื่อไทย
อิทธิรัตน์ จันทรสุรินทร์,พรรคเพื่อไทย
สงวน พงษ์มณี,พรรคเพื่อไทย
รังสรรค์ มณีรัตน์,พรรคเพื่อไทย
กนก ลิ้มตระกูล,พรรคเพื่อไทย
บุญรื่น ศรีธเรศ,พรรคเพื่อไทย
วีระวัฒน์ โอสถานุเคราะห์,พรรคเพื่อไทย
คมเดช ไชยศิวามงคล,พรรคเพื่อไทย
พีระเพชร ศิริกุล,พรรคเพื่อไทย
ประเสริฐ บุญเรือง,พรรคเพื่อไทย
จตุพร เจริญเชื้อ,พรรคเพื่อไทย
มุกดา พงษ์สมบัติ,พรรคเพื่อไทย
ภาควัต ศรีสุรพล,พรรคเพื่อไทย
สิงหภณ ดีนาง,พรรคเพื่อไทย
นวัธ เตาะเจริญสุข,พรรคเพื่อไทย
สรัสนันท์ อรรณนพพร,พรรคเพื่อไทย
วันนิวัติ สมบูรณ์,พรรคเพื่อไทย
บัลลังก์ อรรณนพพร,พรรคเพื่อไทย
โอชิษฐ์ เกียรติก้องชูชัย,พรรคเพื่อไทย
มานะ โลหะวณิชย์,พรรคเพื่อไทย
พรเพ็ญ บุญศิริวัฒนกุล,พรรคเพื่อไทย
สุรวิทย์ คนสมบูรณ์,พรรคเพื่อไทย
มนพร เจริญศรี,พรรคเพื่อไทย
ไพจิต ศรีวรขาน,พรรคเพื่อไทย
ชวลิต วิชยสุทธิ์,พรรคเพื่อไทย
ประเสริฐ จันทรรวงทอง,พรรคเพื่อไทย
โกศล ปัทมะ,พรรคเพื่อไทย
ศิรสิทธิ์ เลิศด้วยลาภ,พรรคเพื่อไทย
สุชาติ ภิญโญ,พรรคเพื่อไทย
เชิดพงศ์ ราชป้องขันธ์,พรรคเพื่อไทย
ไตรรงค์ ติธรรม,พรรคเพื่อไทย
กิตติศักดิ์ คณาสวัสดิ์,พรรคเพื่อไทย
ไชยวัฒนา ติณรัตน์,พรรคเพื่อไทย
ยุทธพงศ์ จรัสเสถียร,พรรคเพื่อไทย
จิรวัฒน์ ศิริพานิชย์,พรรคเพื่อไทย
สุทิน คลังแสง,พรรคเพื่อไทย
อนุรักษ์ ตั้งปณิธานนท์,พรรคเพื่อไทย
บุญฐิน ประทุมลี,พรรคเพื่อไทย
ปิยวัฒน พันธ์สายเชื้อ,พรรคเพื่อไทย
บุญแก้ว สมวงศ์,พรรคเพื่อไทย
ธนกร ไชยกุล,พรรคเพื่อไทย
ฉลาด ขามช่วง,พรรคเพื่อไทย
นิรมิต สุจารี,พรรคเพื่อไทย
นิรันดร์ นาเมืองรักษ์,พรรคเพื่อไทย
จิราพร สินธุไพร,พรรคเพื่อไทย
กิตติ สมทรัพย์,พรรคเพื่อไทย
ศักดา คงเพชร,พรรคเพื่อไทย
เลิศศักดิ์ พัฒนชัยกุล,พรรคเพื่อไทย
ศรัณย์ ทิมสุวรรณ,พรรคเพื่อไทย
สุรชาติ ชาญประดิษฐ์,พรรคเพื่อไทย
วิวัฒน์ชัย โหตระไวศยะ,พรรคเพื่อไทย
จาตุรงค์ เพ็งนรพัฒน์,พรรคเพื่อไทย
ธีระ ไตรสรณกุล,พรรคเพื่อไทย
วีระพล จิตสัมฤทธิ์,พรรคเพื่อไทย
ผ่องศรี แซ่จึง,พรรคเพื่อไทย
อภิชาติ ตีรสวัสดิชัย,พรรคเพื่อไทย
นิยม เวชกามา,พรรคเพื่อไทย
พัฒนา สัพโส,พรรคเพื่อไทย
อนุรักษ์ บุญศล,พรรคเพื่อไทย
สกุณา สาระนันท์,พรรคเพื่อไทย
เกษม อุประ,พรรคเพื่อไทย
คุณากร ปรีชาชนะชัย,พรรคเพื่อไทย
ตี๋ใหญ่ พูนศรีธนากูล,พรรคเพื่อไทย
ครูมานิตย์ สังข์พุ่ม,พรรคเพื่อไทย
สมบัติ ศรีสุรินทร์,พรรคเพื่อไทย
ชูศักดิ์ แอกทอง,พรรคเพื่อไทย
กฤษฎา ตันเทอดทิตย์,พรรคเพื่อไทย
ชนก จันทาทอง,พรรคเพื่อไทย
เอกธนัช อินทร์รอด,พรรคเพื่อไทย
สยาม หัตถสงเคราะห์,พรรคเพื่อไทย
ไชยา พรหมา,พรรคเพื่อไทย
ณัฐวุฒิ กองจันทร์ดี,พรรคเพื่อไทย
ศราวุธ เพชรพนมพร,พรรคเพื่อไทย
อนันต์ ศรีพันธุ์,พรรคเพื่อไทย
ขจิตร ชัยนิคม,พรรคเพื่อไทย
อาภรณ์ สาราคำ,พรรคเพื่อไทย
จุฑาพัตธน์ เมนะสวัสดิ์,พรรคเพื่อไทย
จักรพรรดิ ไชยสาส์น,พรรคเพื่อไทย
เกรียงศักดิ์ ฝ้ายสีงาม,พรรคเพื่อไทย
เทียบจุฑา ขาวขำ,พรรคเพื่อไทย
วรสิทธิ์ กัลป์ตินันท์,พรรคเพื่อไทย
กิตติ์ธัญญา วาจาดี,พรรคเพื่อไทย
เอกชัย ทรงอำนาจเจริญ,พรรคเพื่อไทย
รัฐกิตติ์ ผาลีพัฒน์,พรรคเพื่อไทย
ชูวิทย์ พิทักษ์พรพัลลภ,พรรคเพื่อไทย
ประภูศักดิ์ จินตะเวช,พรรคเพื่อไทย
สมคิด เชื้อคง,พรรคเพื่อไทย
สมหญิง บัวบุตร,พรรคเพื่อไทย
ดะนัย มะหิพันธ์,พรรคเพื่อไทย
พรเทพ วิสุทธิ์วัฒนศักดิ์,พรรคเพื่อไทย
สงคราม กิจเลิศไพโรจน์,พรรคเพื่อชาติ
ปิยะรัฐชย์ ติยะไพรัช,พรรคเพื่อชาติ
อารี ไกรนรา,พรรคเพื่อชาติ
เพชรวรรต วัฒนพงศศิริกุล,พรรคเพื่อชาติ
ลินดา เชิดชัย,พรรคเพื่อชาติ
บุศริณธญ์ วรพัฒนานันน์,พรรคเพื่อชาติ
เกริกมนตรี รุจโสตถิรพัฒน์,พรรคเพื่อชาติ
วารีรัตน์ แก้วเงิน,พรรคเพื่อชาติ
ศรัณย์วุฒิ ศรัณย์เกตุ,พรรคเพื่อชาติ
คฑาเทพ เตชะเดชเรืองกุล,พรรคเพื่อชาติไทย 
มิ่งขวัญ แสงสุวรรณ์,พรรคเศรษฐกิจใหม่
สุภดิช อากาศฤกษ์,พรรคเศรษฐกิจใหม่
นิยม วิวรรธนดิฐกุล,พรรคเศรษฐกิจใหม่
ภาสกร เงินเจริญกุล,พรรคเศรษฐกิจใหม่
มนูญ สิวาภิรมย์รัตน์,พรรคเศรษฐกิจใหม่
มารศรี ขจรเรืองโรจน์,พรรคเศรษฐกิจใหม่
จิราพร นาคดิลก,พรรคเศรษฐกิจใหม่
พิชัย ขจรเรืองโรจน์,พรรคเศรษฐกิจใหม่
อาทิตยา อะนะฝรั่ง,พรรคเศรษฐกิจใหม่
วัฒนา สิทธิวัง,พรรคเศรษฐกิจไทย
ณัฏฐพล จรัสรพีพงษ์,พรรคเศรษฐกิจไทย
ธนะสิทธิ์ โควสุรัตน์,พรรคเศรษฐกิจไทย
สะถิระ เผือกประพันธุ์,พรรคเศรษฐกิจไทย
ธนัสถ์ ทวีเกื้อกูลกิจ,พรรคเศรษฐกิจไทย
พลตำรวจเอก เสรีพิศุทธ์ เตมียเวส,พรรคเสรีรวมไทย
วัชรา ณ วังขนาย,พรรคเสรีรวมไทย
วิรัตน์ วรศสิริน,พรรคเสรีรวมไทย
เรวัต วิศรุตเวช,พรรคเสรีรวมไทย
ประสงค์ บูรณ์พงศ์,พรรคเสรีรวมไทย
นภาพร เพ็ชร์จินดา,พรรคเสรีรวมไทย
เพชร เอกกำลังกุล,พรรคเสรีรวมไทย
ธนพร โสมทองแดง,พรรคเสรีรวมไทย
อำไพ กองมณี,พรรคเสรีรวมไทย
พลตำรวจโท วิศณุ ม่วงแพรสี,พรรคเสรีรวมไทย
ศุภชัย นาคสุวรรณ์,พรรคเสรีรวมไทย
เดชทวี ศรีวิชัย,พรรคเสรีรวมไทย
ดำรงค์ พิเดช,พรรคโอกาสไทย
ยรรยงก์ ถนอมพิชัยธำรง,พรรคโอกาสไทย
มงคลกิตติ์ สุขสินธารานนท์,พรรคไทยศรีวิไลย์
ภคอร จันทรคณา,พรรคไทยศรีวิไลย์
พลโท อัศวิน รัชฎานนท์,พรรคไทยศรีวิไลย์
วิวัฒน์ เจริญพาณิชย์ศิริ,พรรคไทยศรีวิไลย์
วรรณวรี ตะล่อมสิน,พรรคก้าวไกล
สมเกียรติ ถนอมสินธุ์,พรรคก้าวไกล
เท่าพิภพ ลิ้มจิตรกร,พรรคก้าวไกล
ทศพร ทองศิริ,พรรคก้าวไกล
ณัฐชา บุญไชยอินสวัสดิ์,พรรคก้าวไกล
จิรวัฒน์ อรัณยกานนท์,พรรคก้าวไกล
ณัฐพงษ์ เรืองปัญญาวุฒิ,พรรคก้าวไกล
สุทธวรรณ สุบรรณ ณ อยุธยา,พรรคก้าวไกล
ปดิพัทธ์ สันติภาดา,พรรคก้าวไกล
วุฒินันท์ บุญชู,พรรคก้าวไกล
ทองแดง เบ็ญจะปัก,พรรคก้าวไกล
เอกภพ เพียรพิเศษ,พรรคก้าวไกล
พีรเดช คำสมุทร,พรรคก้าวไกล
ญาณธิชา บัวเผื่อน,พรรคก้าวไกล
จิรัฏฐ์ ทองสุวรรณ์,พรรคก้าวไกล
ขวัญเลิศ พานิชมาท,พรรคก้าวไกล
จรัส คุ้มไข่น้ำ,พรรคก้าวไกล
ศักดินัย นุ่มหนู,พรรคก้าวไกล
ปรีดา บุญเพลิง,พรรคครูไทยเพื่อประชาชน 
วราวุธ ศิลปอาชา,พรรคชาติไทยพัฒนา
ธีระ วงศ์สมุทร,พรรคชาติไทยพัฒนา
นิกร จำนง,พรรคชาติไทยพัฒนา
นพดล มาตรศรี,พรรคชาติไทยพัฒนา
พาณุวัฒณ์ สะสมทรัพย์,พรรคชาติไทยพัฒนา
เผดิมชัย สะสมทรัพย์,พรรคชาติไทยพัฒนา
สรชัด สุจิตต์,พรรคชาติไทยพัฒนา
ณัฐวุฒิ ประเสริฐสุวรรณ,พรรคชาติไทยพัฒนา
ประภัตร โพธสุธน,พรรคชาติไทยพัฒนา
เสมอกัน เที่ยงธรรม,พรรคชาติไทยพัฒนา
อนุรักษ์ จุรีมาศ,พรรคชาติไทยพัฒนา
สมัคร ป้องวงษ์,พรรคชาติพัฒนากล้า
วัชรพล โตมรศักดิ์,พรรคชาติพัฒนากล้า
เทวัญ ลิปตพัลลภ,พรรคชาติพัฒนากล้า 
ดล เหตระกูล,พรรคชาติพัฒนากล้า 
วันมูหะมัดนอร์ มะทา,พรรคประชาชาติ
พันตำรวจเอกทวี สอดส่อง,พรรคประชาชาติ
กูเฮง ยาวอหะซัน,พรรคประชาชาติ
กมลศักดิ์ ลีวาเมาะ,พรรคประชาชาติ
อนุมัติ ซูสารอ,พรรคประชาชาติ
สมมุติ เบ็ญจลักษณ์,พรรคประชาชาติ
ซูการ์โน มะทา,พรรคประชาชาติ
อับดุลอายี สาแม็ง,พรรคประชาชาติ
สุรทิน พิจารณ์,พรรคประชาธิปไตยใหม่
แพงศรี พิจารณ์,พรรคประชาธิปไตยใหม่
ปฏิวัติ พิจารณ์,พรรคประชาธิปไตยใหม่
อภิสิทธิ์ เวชชาชีวะ,พรรคประชาธิปัตย์
บัญญัติ บรรทัดฐาน,พรรคประชาธิปัตย์
เทอดพงษ์ ไชยนันทน์,พรรคประชาธิปัตย์
คุณหญิงกัลยา โสภณพนิช,พรรคประชาธิปัตย์
จุรินทร์ ลักษณวิศิษฏ์,พรรคประชาธิปัตย์
กรณ์ จาติกวณิช,พรรคประชาธิปัตย์
จุติ ไกรฤกษ์,พรรคประชาธิปัตย์
องอาจ คล้ามไพบูลย์,พรรคประชาธิปัตย์
ศิริวรรณ ปราศจากศัตรู,พรรคประชาธิปัตย์
อิสสระ สมชัย,พรรคประชาธิปัตย์
อัศวิน วิภูศิริ,พรรคประชาธิปัตย์
เกียรติ สิทธีอมร,พรรคประชาธิปัตย์
กนก วงษ์ตระหง่าน,พรรคประชาธิปัตย์
ศรีสมร รัศมีฤกษ์เศรษฐ์,พรรคประชาธิปัตย์
พีระพันธุ์ สาลีรัฐวิภาค,พรรคประชาธิปัตย์
พนิต วิกิตเศรษฐ์,พรรคประชาธิปัตย์
อภิชัย เตชะอุบล,พรรคประชาธิปัตย์
วีระชัย วีระเมธีกุล,พรรคประชาธิปัตย์
จิตภัสร์ กฤดากร,พรรคประชาธิปัตย์
สุทัศน์ เงินหมื่น,พรรคประชาธิปัตย์
พิสิฐ ลี้อาธรรม,พรรคประชาธิปัตย์
อิสระ เสรีวัฒนวุฒิ,พรรคประชาธิปัตย์
พิมพ์รพี พันธุ์วิชาติกุล,พรรคประชาธิปัตย์
จักพันธ์ ปิยพรไพบูลย์,พรรคประชาธิปัตย์
นราพัฒน์ แก้วทอง,พรรคประชาธิปัตย์
ไชยยศ จิรเมธากร,พรรคประชาธิปัตย์
เจือ ราชสีห์,พรรคประชาธิปัตย์
มัลลิกา บุญมีตระกูล มหาสุข,พรรคประชาธิปัตย์
นาวาตรี สุธรรม ระหงษ์,พรรคประชาธิปัตย์
ชำนิ ศักดิเศรษฐ์,พรรคประชาธิปัตย์
สุรบถ หลีกภัย,พรรคประชาธิปัตย์
ยุพ นานา,พรรคประชาธิปัตย์
ราเมศ รัตนะเชวง,พรรคประชาธิปัตย์
พันโท สินธพ แก้วพิจิตร,พรรคประชาธิปัตย์
รังสิมา รอดรัศมี,พรรคประชาธิปัตย์
วุฒิพงษ์ นามบุตร,พรรคประชาธิปัตย์
บุณย์ธิดา สมชัย,พรรคประชาธิปัตย์
สาคร เกี่ยวข้อง,พรรคประชาธิปัตย์
ชุมพล จุลใส,พรรคประชาธิปัตย์
อิสรพงษ์ มากอำไพ,พรรคประชาธิปัตย์
สราวุธ อ่อนละมัย,พรรคประชาธิปัตย์
สาทิตย์ วงศ์หนองเตย,พรรคประชาธิปัตย์
สุณัฐชา โล่สถาพรพิพิธ,พรรคประชาธิปัตย์
เทพไท เสนพงศ์,พรรคประชาธิปัตย์
ประกอบ รัตนพันธ์,พรรคประชาธิปัตย์
ชินวรณ์ บุณยเกียรติ,พรรคประชาธิปัตย์
ชัยชนะ เดชเดโช,พรรคประชาธิปัตย์
พิมพ์ภัทรา วิชัยกุล,พรรคประชาธิปัตย์
อันวาร์ สาและ,พรรคประชาธิปัตย์
กันตวรรณ ตันเถียร กุลจรรยาวิวัฒน์,พรรคประชาธิปัตย์
นริศ ขำนุรักษ์,พรรคประชาธิปัตย์
เดชอิศม์ ขาวทอง,พรรคประชาธิปัตย์
ถาวร เสนเนียม,พรรคประชาธิปัตย์
สุภาพร กำเนิดผล,พรรคประชาธิปัตย์
พลตำรวจตรี สุรินทร์ ปาลาเร่,พรรคประชาธิปัตย์
ภานุ ศรีบุศยกาญจน์,พรรคประชาธิปัตย์
วิวรรธน์ นิลวัชรมณี,พรรคประชาธิปัตย์
วชิราภรณ์ กาญจนะ,พรรคประชาธิปัตย์
สมชาติ ประดิษฐพร,พรรคประชาธิปัตย์
สินิตย์ เลิศไกร,พรรคประชาธิปัตย์
ธีรภัทร พริ้งศุลกะ,พรรคประชาธิปัตย์
สาธิต ปิตุเตชะ,พรรคประชาธิปัตย์
บัญญัติ เจตนจันทร์,พรรคประชาธิปัตย์
ธารา ปิตุเตชะ,พรรคประชาธิปัตย์
ชัยวุฒิ บรรณวัฒน์,พรรคประชาธิปัตย์
มนตรี ปาน้อยนนท์,พรรคประชาธิปัตย์
ประมวล พงศ์ถาวราเดช,พรรคประชาธิปัตย์
ชัยทิพย์ กมลพันธ์ทิพย์,พรรคประชาธิปัตย์
อัครเดช วงษ์พิทักษ์โรจน์,พรรคประชาธิปัตย์
สมเกียรติ ศรลัมพ์,พรรคประชาภิวัฒน์
นันทนา สงฆ์ประชา,พรรคประชาภิวัฒน์
รองรักษ์ บุญศิริ,พรรคประชาภิวัฒน์
ชัชวาลล์ คงอุดม,พรรคพลังท้องถิ่นไท
โกวิทย์ พวงงาม,พรรคพลังท้องถิ่นไท
นพดล แก้วสุพัฒน์,พรรคพลังท้องถิ่นไท
ยอดยิ่ง แสนยากุล,พรรคพลังท้องถิ่นไท
สิทธิพงศ์ วงศ์เลิศศักดิ์,พรรคพลังท้องถิ่นไท
ศิริรัตน์ สุขสนาน,พรรคพลังท้องถิ่นไท
จารึก ศรีอ่อน,พรรคพลังท้องถิ่นไท
กวินนาถ ตาคีย์,พรรคพลังท้องถิ่นไท
ระวี มาศฉมาดล,พรรคพลังธรรมใหม่
กานต์กนิษฐ์ แห้วสันตติ,พรรคพลังประชารัฐ
พัชรินทร์ ซำศิริพงษ์,พรรคพลังประชารัฐ
กรณิศ งามสุคนธ์รัตนา,พรรคพลังประชารัฐ
ภาดาท์ วรกานนท์,พรรคพลังประชารัฐ
ธณิกานต์ พรพงษาโรจน์,พรรคพลังประชารัฐ
กษิดิ์เดช ชุติมันต์,พรรคพลังประชารัฐ
สิระ เจนจาคะ,พรรคพลังประชารัฐ
ฐิติภัสร์ โชติเดชาชัยนันต์,พรรคพลังประชารัฐ
ชาญวิทย์ วิภูศิริ,พรรคพลังประชารัฐ
ศิริพงษ์ รัสมี,พรรคพลังประชารัฐ
ประสิทธิ์ มะหะหมัด,พรรคพลังประชารัฐ
จักรพันธ์ พรนิมิตร,พรรคพลังประชารัฐ
ไผ่ ลิกค์,พรรคพลังประชารัฐ
พันตำรวจโท ไวพจน์ อาภรณ์รัตน์,พรรคพลังประชารัฐ
เพชรภูมิ อาภรณ์รัตน์,พรรคพลังประชารัฐ
อนันต์ ผลอำนวย,พรรคพลังประชารัฐ
ปริญญา ฤกษ์หร่าย,พรรคพลังประชารัฐ
อนุชา นาคาศัย,พรรคพลังประชารัฐ
มณเฑียร สงฆ์ประชา,พรรคพลังประชารัฐ
ปฐมพงศ์ สูญจันทร์,พรรคพลังประชารัฐ
ภิญโญ นิโรจน์,พรรคพลังประชารัฐ
วีระกร คำประกอบ,พรรคพลังประชารัฐ
สัญญา นิลสุพรรณ,พรรคพลังประชารัฐ
นิโรธ สุนทรเลขา,พรรคพลังประชารัฐ
เจริญ เรี่ยวแรง,พรรคพลังประชารัฐ
พรชัย อินทร์สุข,พรรคพลังประชารัฐ
ภูดิท อินสุวรรณ์,พรรคพลังประชารัฐ
สุรชาติ ศรีบุศกร,พรรคพลังประชารัฐ
อนุชา น้อยวงศ์,พรรคพลังประชารัฐ
มานัส อ่อนอ้าย,พรรคพลังประชารัฐ
พิมพ์พร พรพฤฒิพันธุ์,พรรคพลังประชารัฐ
จักรัตน์ พั้วช่วย,พรรคพลังประชารัฐ
วันเพ็ญ พร้อมพัฒน์,พรรคพลังประชารัฐ
สุรศักดิ์ อนรรฆพันธ์,พรรคพลังประชารัฐ
เอี่ยม ทองใจสด,พรรคพลังประชารัฐ
ประทวน สุทธิอำนวยเดช,พรรคพลังประชารัฐ
อัครวัฒน์ อัศวเหม,พรรคพลังประชารัฐ
ยงยุทธ สุวรรณบุตร,พรรคพลังประชารัฐ
ภริม พูลเจริญ,พรรคพลังประชารัฐ
กรุงศรีวิไล สุทินเผือก,พรรคพลังประชารัฐ
ฐาปกรณ์ กุลเจริญ,พรรคพลังประชารัฐ
ไพลิน เทียนสุวรรณ,พรรคพลังประชารัฐ
จอมขวัญ กลับบ้านเกาะ,พรรคพลังประชารัฐ
กัลยา รุ่งวิจิตรชัย,พรรคพลังประชารัฐ
สมบัติ อำนาคะ,พรรคพลังประชารัฐ
โชติวุฒิ ธนาคมานุสรณ์,พรรคพลังประชารัฐ
พรรณสิริ กุลนาถศิริ,พรรคพลังประชารัฐ
ชูศักดิ์ คีรีมาศทอง,พรรคพลังประชารัฐ
ร้อยเอก ธรรมนัส พรหมเผ่า,พรรคพลังประชารัฐ
จีรเดช ศรีวิราช,พรรคพลังประชารัฐ
ปัญญา จีนาคำ,พรรคพลังประชารัฐ
สมศักดิ์ คุณเงิน,พรรคพลังประชารัฐ
เชิงชาย ชาลีรินทร์,พรรคพลังประชารัฐ
สัมฤทธิ์ แทนทรัพย์,พรรคพลังประชารัฐ
เกษม ศุภรานนท์,พรรคพลังประชารัฐ
ทวิรัฐ รัตนเศรษฐ,พรรคพลังประชารัฐ
อธิรัฐ รัตนเศรษฐ,พรรคพลังประชารัฐ
ทัศนียา รัตนเศรษฐ,พรรคพลังประชารัฐ
ทัศนาพร เกษเมธีการุณ,พรรคพลังประชารัฐ
นิพันธ์ ศิริธร,พรรคพลังประชารัฐ
รงค์ บุญสวยขวัญ,พรรคพลังประชารัฐ
สัณหพจน์ สุขศรีเมือง,พรรคพลังประชารัฐ
อาญาสิทธิ์ ศรีสุวรรณ,พรรคพลังประชารัฐ
สายัณห์ ยุติธรรม,พรรคพลังประชารัฐ
วัชระ ยาวอหะซัน,พรรคพลังประชารัฐ
สัมพันธ์ มะยูโซ๊ะ,พรรคพลังประชารัฐ
สุทา ประทีป ณ ถลาง,พรรคพลังประชารัฐ
นัทธี ถิ่นสาคู,พรรคพลังประชารัฐ
อาดิลัน อาลีอิสเฮาะ,พรรคพลังประชารัฐ
วันชัย ปริญญาศิริ,พรรคพลังประชารัฐ
ศาสตรา ศรีปาน,พรรคพลังประชารัฐ
พยม พรหมเพชร,พรรคพลังประชารัฐ
ร้อยตำรวจเอก อรุณ สวัสดี,พรรคพลังประชารัฐ
พันตำรวจโท ฐนภัทร กิตติวงศา,พรรคพลังประชารัฐ
ชัยวัฒน์ เป้าเปี่ยมทรัพย์,พรรคพลังประชารัฐ
สุชาติ ตันเจริญ,พรรคพลังประชารัฐ
สุชาติ ชมกลิ่น,พรรคพลังประชารัฐ
ร้อยเอก จองชัย วงศ์ทรายทอง,พรรคพลังประชารัฐ
รณเทพ อนุวัฒน์,พรรคพลังประชารัฐ
สรวุฒิ เนื่องจำนงค์,พรรคพลังประชารัฐ
สมพงษ์ โสภณ,พรรคพลังประชารัฐ
ฐานิสร์ เทียนทอง,พรรคพลังประชารัฐ
ตรีนุช เทียนทอง,พรรคพลังประชารัฐ
สุรศักดิ์ ชิงนวรรณ์,พรรคพลังประชารัฐ
พลเอก สมชาย วิษณุวงศ์,พรรคพลังประชารัฐ
สมเกียรติ วอนเพียร,พรรคพลังประชารัฐ
ธรรมวิชญ์ โพธิพิพิธ,พรรคพลังประชารัฐ
อัฎฐพล โพธิพิพิธ,พรรคพลังประชารัฐ
ภาคภูมิ บูลย์ประมุข,พรรคพลังประชารัฐ
กฤษณ์ แก้วอยู่,พรรคพลังประชารัฐ
สาธิต อุ๋ยตระกูล,พรรคพลังประชารัฐ
สุชาติ อุสาหะ,พรรคพลังประชารัฐ
กุลวลี นพอมรบดี,พรรคพลังประชารัฐ
บุญยิ่ง นิติกาญจนา,พรรคพลังประชารัฐ
ปารีณา ไกรคุปต์,พรรคพลังประชารัฐ
ณัฏฐพล ทีปสุวรรณ,พรรคพลังประชารัฐ 
สุริยะ จึงรุ่งเรืองกิจ,พรรคพลังประชารัฐ 
พุทธิพงษ์ ปุณณกันต์,พรรคพลังประชารัฐ 
สมศักดิ์ เทพสุทิน,พรรคพลังประชารัฐ 
นฤมล ภิญโญสินวัฒน์,พรรคพลังประชารัฐ 
สันติ กีระนันทน์,พรรคพลังประชารัฐ 
วิรัช รัตนเศรษฐ,พรรคพลังประชารัฐ 
สันติ พร้อมพัฒน์,พรรคพลังประชารัฐ 
สุพล ฟองงาม,พรรคพลังประชารัฐ 
ชัยวุฒิ ธนาคมานุสรณ์,พรรคพลังประชารัฐ 
เอกราช ช่างเหลา,พรรคพลังประชารัฐ 
พิชชารัตน์ เลาหพงศ์ชนะ,พรรคพลังประชารัฐ 
บุญสิงห์ วรินทร์รักษ์,พรรคพลังประชารัฐ 
สุรสิทธิ์ วงศ์วิทยานันท์,พรรคพลังประชารัฐ 
สุรสิทธิ์ นิธิวุฒิวรรักษ์,พรรคพลังประชารัฐ 
พงศ์กวิน จึงรุ่งเรืองกิจ,พรรคพลังประชารัฐ 
วิเชียร ชวลิต,พรรคพลังประชารัฐ 
อรรถกร ศิริลัทธยากร,พรรคพลังประชารัฐ 
วทันยา วงษ์โอภาสี,พรรคพลังประชารัฐ 
พรชัย ตระกูลวรานนท์,พรรคพลังประชารัฐ 
ยุทธนา โพธสุธน,พรรคพลังประชารัฐ 
ต่อศักดิ์ อัศวเหม,พรรคพลังประชารัฐ 
ชวน ชูจันทร์,พรรคพลังประชารัฐ 
สุรพร ดนัยตั้งตระกูล,พรรคพลังประชารัฐ 
ภาคิน สมมิตรธนกุล,พรรคพลังประชารัฐ 
ธนกร วังบุญคงชนะ,พรรคพลังประชารัฐ 
วลัยพร รัตนเศรษฐ,พรรคพลังประชารัฐ 
เอกสิทธิ์ คุณานันทกุล,พรรคพลังประชารัฐ 
โกมินทร์ ทีฆธนานนท์,พรรคพลังประชารัฐ 
กิตติประภา จิวะสันติการ,พรรคพลังประชารัฐ 
ตติรัฐ รัตนเศรษฐ,พรรคพลังประชารัฐ 
ไพบูลย์ นิติตะวัน,พรรคพลังประชารัฐ 
พลตำรวจเอกยงยุทธ เทพจำนงค์,พรรคพลังประชารัฐ 
พิเชษฐ สถิรชวาล,พรรคพลังประชารัฐ 
นิคม บุญวิเศษ,พรรคพลังปวงชนไทย
พันธุ์ศักดิ์ ซาบุ,พรรคพลังปวงชนไทย
อนุทิน ชาญวีรกูล,พรรคภูมิใจไทย
ชัย ชิดชอบ,พรรคภูมิใจไทย
ศักดิ์สยาม ชิดชอบ,พรรคภูมิใจไทย
นาที รัชกิจประการ,พรรคภูมิใจไทย
สรอรรถ กลิ่นประทุม,พรรคภูมิใจไทย
ทรงศักดิ์ ทองศรี,พรรคภูมิใจไทย
วีรศักดิ์ หวังศุภกิจโกศล,พรรคภูมิใจไทย
ศุภมาส อิศรภักดี,พรรคภูมิใจไทย
กรวีร์ ปริศนานันทกุล,พรรคภูมิใจไทย
ศิริวัฒน์ ขจรประศาสน์,พรรคภูมิใจไทย
เพชรดาว โต๊ะมีนา,พรรคภูมิใจไทย
ศุภชัย ใจสมุทร,พรรคภูมิใจไทย
พันเอกเศรษฐพงค์ มะลิสุวรรณ,พรรคภูมิใจไทย
มารุต มัสยวาณิช,พรรคภูมิใจไทย
สวาป เผ่าประทาน,พรรคภูมิใจไทย
กนกวรรณ วิลาวัลย์,พรรคภูมิใจไทย
สุชาติ โชคชัยวัฒนากร,พรรคภูมิใจไทย
ร้อยตำรวจตรี มณฑล โพธิ์คาย,พรรคภูมิใจไทย
โชติพิพัฒน์ เตชะโสภณมณี,พรรคภูมิใจไทย
มานพ ศรีผึ้ง,พรรคภูมิใจไทย
อนาวิล รัตนสถาพร,พรรคภูมิใจไทย
พรพิมล ธรรมสาร,พรรคภูมิใจไทย
พิษณุ พลธี,พรรคภูมิใจไทย
เกื้อกูล ด่านชัยวิจิตร,พรรคภูมิใจไทย
สุรศักดิ์ พันธ์เจริญวรกุล,พรรคภูมิใจไทย
มัลลิกา จิระพันธุ์วาณิช,พรรคภูมิใจไทย
เกียรติ เหลืองขจรวิทย์,พรรคภูมิใจไทย
สมเจตน์ ลิมปะพันธุ์,พรรคภูมิใจไทย
ภราดร ปริศนานันทกุล,พรรคภูมิใจไทย
เจเศรษฐ์ ไทยเศรษฐ์,พรรคภูมิใจไทย
ชาดา ไทยเศรษฐ์,พรรคภูมิใจไทย
ศรีนวล บุญลือ,พรรคภูมิใจไทย
เอกการ ซื่อทรงธรรม,พรรคภูมิใจไทย
กฤติเดช สันติวชิระกุล,พรรคภูมิใจไทย
ฐิตินันท์ แสงนาค,พรรคภูมิใจไทย
วัฒนา ช่างเหลา,พรรคภูมิใจไทย
ศุภชัย โพธิ์สุ,พรรคภูมิใจไทย
อภิชา เลิศพชรกมล,พรรคภูมิใจไทย
พรชัย อำนวยทรัพย์,พรรคภูมิใจไทย
สมศักดิ์ พันธ์เกษม,พรรคภูมิใจไทย
วิสิทธิ์ พิทยาภรณ์,พรรคภูมิใจไทย
สนอง เทพอักษรณรงค์,พรรคภูมิใจไทย
รังสิกร ทิมาตฤกะ,พรรคภูมิใจไทย
สมบูรณ์ ซารัมย์,พรรคภูมิใจไทย
โสภณ ซารัมย์,พรรคภูมิใจไทย
อดิพงษ์ ฐิติพิทยา,พรรคภูมิใจไทย
ไตรเทพ งามกมล,พรรคภูมิใจไทย
จักรกฤษณ์ ทองศรี,พรรคภูมิใจไทย
รุ่งโรจน์ ทองศรี,พรรคภูมิใจไทย
ธนยศ ทิมสุวรรณ,พรรคภูมิใจไทย
สิริพงศ์ อังคสกุลเกียรติ,พรรคภูมิใจไทย
อาสพลธ์ สรรณ์ไตรภพ,พรรคภูมิใจไทย
ปกรณ์ มุ่งเจริญพร,พรรคภูมิใจไทย
สฤษฏ์พงษ์ เกี่ยวข้อง,พรรคภูมิใจไทย
อับดุลบาซิม อาบู,พรรคภูมิใจไทย
ภูมิศิษฏ์ คงมี,พรรคภูมิใจไทย
ฉลอง เทอดวีระพงศ์,พรรคภูมิใจไทย
คงกฤษ ฉัตรมาลีรัตน์,พรรคภูมิใจไทย
ณัฏฐ์ชนน ศรีก่อเกื้อ,พรรคภูมิใจไทย
พิบูลย์ รัชกิจประการ,พรรคภูมิใจไทย
วรศิษฎ์ เลียงประสิทธิ์,พรรคภูมิใจไทย
กิตติชัย เรืองสวัสดิ์,พรรคภูมิใจไทย
อำนาจ วิลาวัลย์,พรรคภูมิใจไทย
ชยุต ภุมมะกาญจนะ,พรรคภูมิใจไทย
สฤษดิ์ บุตรเนียร,พรรคภูมิใจไทย
ยศวัฒน์ มาไพศาลสิน,พรรคภูมิใจไทย
บุญลือ ประเสริฐโสภา,พรรคภูมิใจไทย
บุญญาพร นาตะธนภัทร,พรรครวมไทยสร้างชาติ 
ศิลัมพา เลิศนุวัฒน์,พรรครวมไทยสร้างชาติ 
หม่อมราชวงศ์จัตุมงคล โสณกุล,พรรครวมพลัง
เพชรชมพู กิจบูรณะ,พรรครวมพลัง
เขตรัฐ เหล่าธรรมทัศน์,พรรครวมพลัง
อนุสรี ทับสุวรรณ,พรรครวมพลัง
ทวีศักดิ์ ณ ตะกั่วทุ่ง,พรรครวมพลัง
จุฑาฑัตต เหล่าธรรมทัศน์,พรรครวมพลัง
สุเนตตา แซ่โก๊ะ,พรรครวมพลัง
เอนก เหล่าธรรมทัศน์,พรรครวมพลัง
เบญญา นันทขว้าง,พรรครวมพลัง
ร้อยตำรวจเอกจอมเดช ตรีเมฆ,พรรครวมพลัง
สุพล จุลใส,พรรครวมพลัง
จุลพันธ์ โนนศรีชัย,พรรคชาติไทยพัฒนา
สำลี รักสุทธี,พรรคภูมิใจไทย
วิรัช พันธุมะผล,พรรคภูมิใจไทย
