speakername ,party
เทอดพงษ์ ไชยนันทน์,พรรคประชาธิปัตย์
สามารถ ราชพลสิทธิ์,พรรคประชาธิปัตย์
พลเอกพิชาญเมธ ม่วงมณี,พรรคประชาธิปัตย์
สุรสิทธิ์ ตรีทอง,พรรคประชาธิปัตย์
ไพฑูรย์ แก้วทอง,พรรคประชาธิปัตย์
มาลินี สุขเวชชวรกิจ,พรรคประชาธิปัตย์
พุฒิพงศ์ สงวนวงศ์ชัย,พรรคประชาธิปัตย์
สัญชัย อินทรสูตร,พรรคประชาธิปัตย์
สุทัศน์ เงินหมื่น,พรรคประชาธิปัตย์
รัชฎาภรณ์ แก้วสนิท,พรรคประชาธิปัตย์
วิฑูรย์ นามบุตร,พรรคประชาธิปัตย์
ดนัย นพสุวรรณวงศ์,พรรคประชาธิปัตย์
ไกรศักดิ์ ชุณหะวัณ,พรรคประชาธิปัตย์
สมเกียรติ พงษ์ไพบูลย์,พรรคประชาธิปัตย์
พันเอกวินัย สมพงษ์,พรรคประชาธิปัตย์
ภุชงค์ รุ่งโรจน์,พรรคประชาธิปัตย์
อภิสิทธิ์ เวชชาชีวะ,พรรคประชาธิปัตย์
เจริญ คันธวงศ์,พรรคประชาธิปัตย์
หม่อมราชวงศ์สุขุมพันธุ์ บริพัตร,พรรคประชาธิปัตย์
ผุสดี ตามไท,พรรคประชาธิปัตย์
ประกอบ จิรกิติ,พรรคประชาธิปัตย์
บุรณัชย์ สมุทรักษ์,พรรคประชาธิปัตย์
อานิก อัมระนันทน์,พรรคประชาธิปัตย์
พลตรีมนูญกฤต รูปขจร,พรรคประชาธิปัตย์
นิพนธ์ วิสิษฐยุทธศาสตร์,พรรคประชาธิปัตย์
สุวโรช พะลัง,พรรคประชาธิปัตย์
อรรถพร พลบุตร,พรรคประชาธิปัตย์
ปัญญวัฒน์ บุญมี,พรรคประชาธิปัตย์
บรรพต ต้นธีรวงศ์,พรรคประชาธิปัตย์
ชวน หลีกภัย,พรรคประชาธิปัตย์
บัญญัติ บรรทัดฐาน,พรรคประชาธิปัตย์
ไตรรงค์ สุวรรณคีรี,พรรคประชาธิปัตย์
จุรินทร์ ลักษณวิศิษฏ์,พรรคประชาธิปัตย์
ชำนิ ศักดิเศรษฐ์,พรรคประชาธิปัตย์
นิพนธ์ บุญญามณี,พรรคประชาธิปัตย์
ผู้ช่วยศาสตราจารย์พีรยศ ราฮิมมูลา,พรรคประชาธิปัตย์
เฉลิมลักษณ์ เก็บทรัพย์,พรรคประชาธิปัตย์
ถาวร ตรีรัตน์ณรงค์,พรรคเพื่อไทย
สุรสิทธิ์ วงศ์วิทยานันท์,พรรคเพื่อไทย
นิคม เชาว์กิตติโสภณ,พรรคเพื่อไทย
สมบูรณ์ วันไชยธนวงศ์,พรรคเพื่อไทย
สันติ พร้อมพัฒน์,พรรคเพื่อไทย
สุนัย จุลพงศธร,พรรคเพื่อไทย
กฤษณา สีหลักษณ์,พรรคเพื่อไทย
สุชน ชามพูนท,พรรคเพื่อไทย
สุรชัย เบ้าจรรยา,พรรคเพื่อไทย
ชวลิต วิชยสุทธิ์,พรรคเพื่อไทย
ธนเทพ ทิมสุวรรณ,พรรคเพื่อไทย
กิตติศักดิ์ หัตถสงเคราะห์,พรรคเพื่อไทย
วีระ รักความสุข,พรรคเพื่อไทย
ชัยวัฒน์ กุลศักดิ์วิมล,พรรคเพื่อไทย
อดิศักดิ์ โภคกุลกานนท์,พรรคเพื่อไทย
พลตำรวจเอกวิรุฬห์ พื้นแสน,พรรคเพื่อไทย
พฤฒิชัย วิริยะโรจน์,พรรคเพื่อไทย
ประเกียรติ นาสิมมา,พรรคเพื่อไทย
วิรุฬ เตชะไพบูลย์,พรรคเพื่อไทย
สมพล เกยุราพันธุ์,พรรคเพื่อไทย
อัสนี เชิดชัย,พรรคเพื่อไทย
ร้อยตำรวจเอกเฉลิม อยู่บำรุง,พรรคเพื่อไทย
มิ่งขวัญ แสงสุวรรณ,พรรคเพื่อไทย
จตุพร พรหมพันธุ์,พรรคเพื่อไทย
มานิตย์ จิตต์จันทร์กลับ,พรรคเพื่อไทย
พลตรีศรชัย มนตริวัต,พรรคเพื่อไทย
ร้อยตำรวจโทเชาวริน ลัทธศักดิ์ศิริ,พรรคเพื่อไทย
เรวัต สิรินุกุล,พรรคเพื่อไทย
อัศวิน วิภูศิริ,พรรคชาติไทยพัฒนา
อารีเพ็ญ อุตรสินธุ์,พรรคมาตุภูมิ
เสนาะ เทียนทอง,พรรคประชาราช
พลเอกเชษฐา ฐานะจาโร,พรรครวมชาติพัฒนา 
วิรัช รัตนเศรษฐ,พรรครวมชาติพัฒนา 
เทวฤทธิ์ นิกรเทศ,พรรคกิจสังคม
ภูมิพัฒน์ พชรทรัพย์,พรรคภูมิใจไทย
ชัย ชิดชอบ,พรรคภูมิใจไทย
เพิ่มพูน ทองศรี,พรรคภูมิใจไทย
สุรเดช ยะสวัสดิ์,พรรคเพื่อแผ่นดิน 
สมเกียรติ ศรลัมพ์,พรรคเพื่อแผ่นดิน 
อรรถพล ชัยนันท์สมิตย์,พรรคเพื่อแผ่นดิน 
พลตำรวจเอกประชา พรหมนอก,พรรคเพื่อแผ่นดิน 
กว้าง รอบคอบ,พรรคเพื่อแผ่นดิน 
วัลลภ ไทยเหนือ,พรรคเพื่อแผ่นดิน 
ปุระพัฒน์ วิเศษจินดาวัฒนา,พรรคเพื่อแผ่นดิน 
หม่อมราชวงศ์กิติวัฒนา ไชยันต์,พรรคเพื่อแผ่นดิน 
ถิรชัย วุฒิธรรม,พรรคเพื่อแผ่นดิน 
พฤฒิชัย ดำรงรัตน์,พรรคเพื่อแผ่นดิน 
มานพ ปัตนวงศ์,พรรคเพื่อแผ่นดิน 
หม่อมหลวงอภิมงคล โสณกุล,พรรคประชาธิปัตย์
อรอนงค์ กาญจนชูศักดิ์,พรรคประชาธิปัตย์
เจิมมาศ จึงเลิศศิริ,พรรคประชาธิปัตย์
กรณ์ จาติกวณิช,พรรคประชาธิปัตย์
สมเกียรติ ฉันทวานิช,พรรคประชาธิปัตย์
อภิรักษ์ โกษะโยธิน,พรรคประชาธิปัตย์
อนุชา บูรพชัยศรี,พรรคประชาธิปัตย์
พีระพันธุ์ สาลีรัฐวิภาค,พรรคประชาธิปัตย์
ธนา ชีรวินิจ,พรรคประชาธิปัตย์
สรรเสริญ สมะลาภา,พรรคประชาธิปัตย์
บุญยอด สุขถิ่นไทย,พรรคประชาธิปัตย์
อรรถวิชช์ สุวรรณภักดี,พรรคประชาธิปัตย์
สกลธี ภัททิยกุล,พรรคประชาธิปัตย์
อนุสรณ์ ปั้นทอง,พรรคเพื่อไทย
นาวาอากาศเอกอนุดิษฐ์ นาครทรรพ,พรรคเพื่อไทย
การุณ โหสกุล,พรรคเพื่อไทย
สมัย เจริญช่าง,พรรคประชาธิปัตย์
ทิวา เงินยวง,พรรคประชาธิปัตย์
พนิช วิกิตเศรษฐ์,พรรคประชาธิปัตย์
ไพโรจน์ อิสรเสรีพงษ์,พรรคเพื่อไทย
ดนุพร ปุณณกันต์,พรรคเพื่อไทย
วิชาญ มีนชัยนันท์,พรรคเพื่อไทย
นาถยา เบ็ญจศิริวรรณ,พรรคประชาธิปัตย์
คุณหญิงกัลยา โสภณพนิช,พรรคประชาธิปัตย์
สามารถ มะลูลีม,พรรคประชาธิปัตย์
สุทธิ ปัญญาสกุลวงศ์,พรรคประชาธิปัตย์
นันทพร วีรกุลสุนทร,พรรคประชาธิปัตย์
สุรันต์ จันทร์พิทักษ์,พรรคประชาธิปัตย์
วิลาศ จันทร์พิทักษ์,พรรคประชาธิปัตย์
ถวิล ไพรสณฑ์,พรรคประชาธิปัตย์
สากล ม่วงศิริ,พรรคประชาธิปัตย์
สุวัฒน์ วรรณศิริกุล,พรรคพลังประชาชน
ณัฏฐพล ทีปสุวรรณ,พรรคประชาธิปัตย์
อรอนงค์ คล้ายนก,พรรคประชาธิปัตย์
โกวิทย์ ธารณา,พรรคประชาธิปัตย์
สุธา ชันแสง,พรรคพลังประชาชน
วัชระ เพชรทอง,พรรคประชาธิปัตย์
องอาจ คล้ามไพบูลย์,พรรคประชาธิปัตย์
ชนินทร์ รุ่งแสง,พรรคประชาธิปัตย์
รัชดา ธนาดิเรก,พรรคประชาธิปัตย์
ปรีชา มุสิกุล,พรรคประชาธิปัตย์
สุขวิชชาญ มุสิกุล,พรรคประชาธิปัตย์
สำราญ ศรีแปงวงค์,พรรคประชาธิปัตย์
ปริญญา ฤกษ์หร่าย,พรรคเพื่อไทย
อนันต์ ผลอำนวย,พรรคเพื่อไทย
นันทนา สงฆ์ประชา,พรรคชาติไทย
พรทิวา นาคาศัย,พรรคภูมิใจไทย
มณเฑียร สงฆ์ประชา,พรรคชาติไทย
ชัยวัฒน์ ทรัพย์รวงทอง,พรรคเพื่อไทย
ชาญชัย อิสระเสนารักษ์,พรรคประชาธิปัตย์
วุฒิชัย กิตติธเนศวร,พรรคเพื่อไทย
สมพัฒน์ แก้วพิจิตร,พรรคชาติไทย
มารุต บุญมี,พรรคประชาธิปัตย์
อนุชา สะสมทรัพย์,พรรคเพื่อไทย
รัฐกร เจนกิจณรงค์,พรรคเพื่อไทย
ก่อเกียรติ สิริยะเสถียร,พรรคเพื่อไทย
เผดิมชัย สะสมทรัพย์,พรรคเพื่อไทย
สมควร โอบอ้อม,พรรคประชาธิปัตย์
สงกรานต์ จิตสุทธิภากร,พรรคประชาธิปัตย์
สมชัย เจริญชัยฤทธิ์,พรรคประชาราช
นิโรธ สุนทรเลขา,พรรคชาติไทยพัฒนา
สัญชัย วงษ์สุนทร,พรรคเพื่อไทย
พีระเดช ศิริวันสาณฑ์,พรรคชาติไทยพัฒนา
พันตำรวจโทนุกูล แสงศิริ,พรรคภูมิใจไทย
อุดมเดช รัตนเสถียร,พรรคเพื่อไทย
นิทัศน์ ศรีนนท์,พรรคเพื่อไทย
มานะศักดิ์ จันทร์ประสงค์,พรรคภูมิใจไทย
สมบัติ สิทธิกรวงศ์,พรรคประชาธิปัตย์
ณรงค์ จันทนดิษฐ,พรรคประชาธิปัตย์
ทศพล เพ็งส้ม,พรรคประชาธิปัตย์
พันเอกอภิวันท์ วิริยะชัย,พรรคเพื่อไทย
เอกพจน์ ปานแย้ม,พรรคชาติไทย
ชนากานต์ ยืนยง,พรรคประชาราช
สุรพงษ์ อึ้งอัมพรวิไล,พรรคเพื่อไทย
สุทิน นพขำ,พรรคเพื่อไทย
พรพิมล ธรรมสาร,พรรคเพื่อไทย
ว่าที่ร้อยตรีสุเมธ ฤทธาคนี,พรรคเพื่อไทย
ชูชาติ หาญสวัสดิ์,พรรคเพื่อไทย
สุรเชษฐ์ ชัยโกศล,พรรคเพื่อไทย
พ้อง ชีวานันท์,พรรคเพื่อไทย
เกื้อกูล ด่านชัยวิจิตร,พรรคชาติไทยพัฒนา
สุรศักดิ์ พันธ์เจริญวรกุล,พรรคเพื่อไทย
วิทยา บุรณศิริ,พรรคเพื่อไทย
นราพัฒน์ แก้วทอง,พรรคประชาธิปัตย์
วินัย ภัทรประสิทธิ์,พรรครวมชาติพัฒนา
ศิริวัฒน์ ขจรประศาสน์,พรรคชาติไทยพัฒนา
พลตรีสนั่น ขจรประศาสน์,พรรคชาติไทยพัฒนา
วรงค์ เดชกิจวิกรม,พรรคประชาธิปัตย์
นิยม ช่างพินิจ,พรรคเพื่อไทย
มนต์ชัย วิวัฒน์ธนาฒย์,พรรคกิจสังคม
นคร มาฉิม,พรรคประชาธิปัตย์
จุติ ไกรฤกษ์,พรรคประชาธิปัตย์
จักรัตน์ พั้วช่วย,พรรคเพื่อไทย
วิจิตร พรพฤฒิพันธุ์,พรรคชาติไทยพัฒนา
สุทัศน์ จันทร์แสงศรี,พรรคประชาธิปัตย์
ณรงค์กร ชวาลสันตติ,พรรคเพื่อไทย
เอี่ยม ทองใจสด,พรรคเพื่อไทย
วันเพ็ญ พร้อมพัฒน์,พรรคเพื่อไทย
สุรศักดิ์ อนรรฆพันธ์,พรรคเพื่อไทย
กมล จิระพันธุ์วาณิช,พรรคชาติไทย
มัลลิกา จิระพันธุ์วาณิช,พรรคชาติไทยพัฒนา
ผ่องศรี ธาราภูมิ,พรรคประชาธิปัตย์
สุชาติ ลายน้ำเงิน,พรรคเพื่อไทย
อำนวย คลังผา,พรรคเพื่อไทย
นิยม วรปัญญา,พรรคเพื่อไทย
อนุสรา ยังตรง,พรรคเพื่อไทย
ประเสริฐ ชัยกิจเด่นนภาลัย,พรรคเพื่อไทย
สงคราม กิจเลิศไพโรจน์,พรรคพลังประชาชน
สรชา วีรชาติวัฒนา,พรรคประชาธิปัตย์
อรุณลักษณ์ กิจเลิศไพโรจน์,พรรคเพื่อไทย
นที สุทินเผือก,พรรคภูมิใจไทย
จิรพันธ์ ลิ้มสกุลศิริรัตน์,พรรคภูมิใจไทย
ประชา ประสพดี,พรรคเพื่อไทย
นฤมล ธารดำรงค์,พรรคเพื่อไทย
รังสิมา รอดรัศมี,พรรคประชาธิปัตย์
ครรชิต ทับสุวรรณ,พรรคประชาธิปัตย์
นาวาตรีสุธรรม ระหงษ์,พรรคประชาธิปัตย์
มณฑล ไกรวัตนุสสรณ์,พรรคเพื่อไทย
กัลยา รุ่งวิจิตรชัย,พรรคประชาธิปัตย์
ร้อยตรีปรพล อดิเรกสาร,ไม่สังกัดพรรค
วีระพล อดิเรกสาร,พรรคพลังประชาชน
องอาจ วงษ์ประยูร,พรรคประชาธิปัตย์
วัชรพงศ์ คูวิจิตรสุวรรณ,พรรคประชาธิปัตย์
ชัยวุฒิ ธนาคมานุสรณ์,พรรคชาติไทย
โชติวุฒิ ธนาคมานุสรณ์,พรรคประชาธิปัตย์
สัมพันธ์ ตั้งเบญจผล,พรรคประชาธิปัตย์
วิรัตน์ วิริยะพงษ์,พรรคประชาธิปัตย์
สมเจตน์ ลิมปะพันธุ์,พรรคกิจสังคม
อารยะ ชุมดวง,พรรคชาติไทยพัฒนา
บรรหาร ศิลปอาชา,พรรคชาติไทย
นิติวัฒน์ จันทร์สว่าง,พรรคชาติไทยพัฒนา
ณัฐวุฒิ ประเสริฐสุวรรณ,พรรคชาติไทย
ชาญชัย ประเสริฐสุวรรณ,พรรคชาติไทยพัฒนา
วราวุธ ศิลปอาชา,พรรคชาติไทย
นพดล มาตรศรี,พรรคชาติไทยพัฒนา
เสมอกัน เที่ยงธรรม,พรรคชาติไทย
เจรจา เที่ยงธรรม,พรรคชาติไทยพัฒนา
ยุทธนา โพธสุธน,พรรคชาติไทย
พัชรี โพธสุธน,พรรคชาติไทยพัฒนา
สมศักดิ์ ปริศนานันทกุล,พรรคชาติไทย
ภคิน ปริศนานันทกุล,พรรคชาติไทยพัฒนา
ภราดร ปริศนานันทกุล,พรรคชาติไทยพัฒนา
ชาดา ไทยเศรษฐ์,พรรคชาติไทยพัฒนา
นพดล พลเสน,พรรคชาติไทย
อดุลย์ เหลืองบริบูรณ์,พรรคชาติไทยพัฒนา
สามารถ แก้วมีชัย,พรรคเพื่อไทย
สฤษฏ์ อึ้งอภินันท์,พรรคเพื่อไทย
สุรสิทธิ์ เจียมวิจักษณ์,พรรคเพื่อไทย
รังสรรค์ วันไชยธนวงศ์,พรรคเพื่อไทย
วิสาระดี เตชะธีราวัฒน์,พรรคเพื่อไทย
พิเชษฐ์ เชื้อเมืองพาน,พรรคเพื่อไทย
ละออง ติยะไพรัช,พรรคเพื่อไทย
อิทธิเดช แก้วหลวง,พรรคเพื่อไทย
ชินณิชา วงศ์สวัสดิ์,พรรคเพื่อไทย
สุรพงษ์ โตวิจักษณ์ชัยกุล,พรรคเพื่อไทย
กฤษดาภรณ์ เสียมภักดี,พรรคเพื่อไทย
บุญทรง เตริยาภิรมย์,พรรคเพื่อไทย
วิทยา ทรงคำ,พรรคเพื่อไทย
นพคุณ รัฐผไท,พรรคเพื่อไทย
จุลพันธ์ อมรวิวัฒน์,พรรคเพื่อไทย
ไกร ดาบธรรม,พรรครวมชาติพัฒนา
ประสิทธิ์ วุฒินันชัย,พรรคเพื่อไทย
นรพล ตันติมนตรี,พรรคเพื่อแผ่นดิน
สุรพล เกียรติไชยากร,พรรคเพื่อไทย
นายแพทย์ชลน่าน ศรีแก้ว,พรรคเพื่อไทย
สิรินทร รามสูต,พรรคเพื่อไทย
วัลลภ สุปริยศิลป์,พรรคเพื่อไทย
วิสุทธิ์ ไชยณรุณ,พรรคเพื่อไทย
อรุณี ชำนาญยา,พรรคเพื่อไทย
ไพโรจน์ ตันบรรจง,พรรคเพื่อไทย
วรวัจน์ เอื้ออภิญญกุล,พรรคเพื่อไทย
นิยม วิวรรธนดิฐกุล,พรรคเพื่อไทย
ปานหทัย เสรีรักษ์,พรรคเพื่อไทย
สมบัติ ยะสินธุ์,พรรคประชาธิปัตย์
อดุลย์ วันไชยธนวงศ์,พรรคเพื่อไทย
กิตติกร โล่ห์สุนทร,พรรคพลังประชาชน
สมโภช สายเทพ,พรรคเพื่อไทย
ธนาธร โล่ห์สุนทร,พรรคเพื่อไทย
วาสิต พยัคฆบุตร,พรรคเพื่อไทย
อิทธิรัตน์ จันทรสุรินทร์,พรรคเพื่อไทย
จรัสฤทธิ์ จันทรสุรินทร์,พรรคเพื่อไทย
อนุสรณ์ วงศ์วรรณ,พรรคพลังประชาชน
ขยัน วิพรหมชัย,พรรคประชาธิปัตย์
สถาพร มณีรัตน์,พรรคเพื่อไทย
สงวน พงษ์มณี,พรรคเพื่อไทย
ทนุศักดิ์ เล็กอุทัย,พรรคเพื่อไทย
วารุจ ศิริวัฒน์,พรรคกิจสังคม
กนก ลิ้มตระกูล,พรรคเพื่อไทย
บุญรื่น ศรีธเรศ,พรรคเพื่อไทย
วีระวัฒน์ โอสถานุเคราะห์,พรรคเพื่อไทย
คมเดช ไชยศิวามงคล,พรรคเพื่อไทย
ประเสริฐ บุญเรือง,พรรคเพื่อไทย
พีระเพชร ศิริกุล,พรรคเพื่อไทย
นิพนธ์ ศรีธเรศ,พรรคเพื่อไทย
ประจักษ์ แกล้วกล้าหาญ,พรรคภูมิใจไทย
จักริน พัฒน์ดำรงจิตร,พรรคเพื่อไทย
ภูมิ สาระผล,พรรคเพื่อไทย
ร้อยโทปรีชาพล พงษ์พานิช,พรรคเพื่อไทย
ดวงแข อรรณนพพร,พรรคเพื่อไทย
เรืองเดช สุพรรณฝ่าย,พรรคเพื่อไทย
นวัธ เตาะเจริญสุข,พรรคเพื่อไทย
ปัญญา ศรีปัญญา,พรรคภูมิใจไทย
จตุพร เจริญเชื้อ,พรรคเพื่อไทย
สมศักดิ์ เกียรติสุรนนท์,พรรคเพื่อไทย
สุชาย ศรีสุรพล,พรรคเพื่อไทย
เจริญ จรรย์โกมล,พรรคเพื่อไทย
มานะ โลหะวณิชย์,พรรคเพื่อไทย
เชวงศักดิ์ เร่งไพบูลย์วงษ์,พรรคชาติไทยพัฒนา
สุรวิทย์ คนสมบูรณ์,พรรคเพื่อไทย
บัณฑูรย์ เกียรติก้องชูชัย,พรรคชาติไทย
ประสิทธิ์ ชัยวิรัตนะ,พรรคเพื่อไทย
ปาริชาติ ชาลีเครือ,พรรคเพื่อไทย
สุนทรี ชัยวิรัตนะ,พรรคเพื่อไทย
ศุภชัย โพธิ์สุ,พรรคภูมิใจไทย
ประสงค์ บูรณ์พงศ์,พรรคพลังประชาชน
สุริยา พรหมดี,พรรคเพื่อไทย
ไพจิต ศรีวรขาน,พรรคเพื่อไทย
อลงกต มณีกาศ,พรรคเพื่อแผ่นดิน
วัชรพล โตมรศักดิ์,พรรครวมชาติพัฒนา
ประเสริฐ บุญชัยสุข,พรรครวมชาติพัฒนา
วรรณรัตน์ ชาญนุกูล,พรรครวมชาติพัฒนา
ประนอม โพธิ์คำ,พรรคเพื่อแผ่นดิน
จิตรวรรณ หวังศุภกิจโกศล,พรรคเพื่อแผ่นดิน
พันตำรวจโทสมชาย เพศประเสริฐ,พรรคเพื่อไทย
บุญเลิศ ครุฑขุนทด,พรรคเพื่อไทย
ลินดา เชิดชัย,พรรคเพื่อไทย
ประเสริฐ จันทรรวงทอง,พรรคเพื่อไทย
ทัศนียา รัตนเศรษฐ,พรรครวมชาติพัฒนา
ร้อยตรีหญิงระนองรักษ์ สุวรรณฉวี,พรรคเพื่อแผ่นดิน
อนุวัฒน์ วิเศษจินดาวัฒน์,พรรคเพื่อแผ่นดิน
ภิรมย์ พลวิเศษ,พรรคภูมิใจไทย
สมชัย ฉัตรพัฒนศิริ,พรรครวมชาติพัฒนา
มีชัย จิตต์พิพัฒน์,พรรคเพื่อแผ่นดิน
บุญจง วงศ์ไตรรัตน์,พรรคภูมิใจไทย
พลพีร์ สุวรรณฉวี,พรรคเพื่อแผ่นดิน
ประกิจ พลเดช,พรรคพลังประชาชน
ณัฐวุฒิ สุขเกษม,พรรคภูมิใจไทย
พรชัย ศรีสุริยันโยธิน,พรรคพลังประชาชน
มาโนช เฮงยศมาก,พรรคภูมิใจไทย
รุ่งโรจน์ ทองศรี,พรรคพลังประชาชน
สมนึก เฮงวาณิชย์,พรรคภูมิใจไทย
รังสิกร ทิมาตฤกะ,พรรคภูมิใจไทย
ทรงศักดิ์ ทองศรี,พรรคพลังประชาชน
จักรกฤษณ์ ทองศรี,พรรคประชาราช
มนต์ไชย ชาติวัฒนศิริ,พรรคภูมิใจไทย
สนอง เทพอักษรณรงค์,พรรคภูมิใจไทย
ประสิทธิ์ ตั้งศรีเกียรติกุล,พรรคภูมิใจไทย
ปณวัตร เลี้ยงผ่องพันธุ์,พรรคชาติไทย
พีระพงษ์ เฮงสวัสดิ์,พรรคเพื่อแผ่นดิน
โสภณ ซารัมย์,พรรคภูมิใจไทย
สุทิน คลังแสง,พรรคพลังประชาชน
ขจิตร ชัยนิคม,พรรคเพื่อไทย
ประยุทธ์ ศิริพานิชย์,พรรคเพื่อไทย
จิรวัฒน์ ศิริพานิชย์,พรรคเพื่อไทย
สุรจิตร ยนต์ตระกูล,พรรคเพื่อไทย
สรรพภัญญู ศิริไปล์,พรรคเพื่อไทย
สุชาติ โชคชัยวัฒนากร,พรรคภูมิใจไทย
ไชยวัฒน์ ติณรัตน์,พรรคเพื่อไทย
วิทยา บุตรดีวงค์,พรรคเพื่อแผ่นดิน
วรศุลี เชาว์ศิริกุล,พรรครวมชาติพัฒนา
รณฤทธิชัย คานเขต,พรรคเพื่อแผ่นดิน
ณิรัฐกานต์ ศรีลาภ,พรรคประชาธิปัตย์
พิกิฏ ศรีชนะ,พรรคเพื่อแผ่นดิน
พีรพันธุ์ พาลุสุข,พรรคเพื่อไทย
ฉลาด ขามช่วง,พรรคเพื่อไทย
เศกสิทธิ์ ไวนิยมพงศ์,พรรคเพื่อไทย
วราวงษ์ พันธุ์ศิลา,พรรคเพื่อไทย
นิสิต สินธุไพร,พรรคพลังประชาชน
ปิยะรัช หมื่นแสน,พรรคเพื่อไทย
ศักดา คงเพชร,พรรคเพื่อไทย
กิตติ สมทรัพย์,พรรคเพื่อไทย
นพดล พลซื่อ,พรรคเพื่อแผ่นดิน
รัชนี พลซื่อ,พรรคเพื่อแผ่นดิน
นิรมิต สุจารี,พรรคเพื่อไทย
ปรีชา เร่งสมบูรณ์สุข,พรรคเพื่อไทย
พัฒนา สังขทรัพย์,พรรคภูมิใจไทย
นันทนา ทิมสุวรรณ,พรรคเพื่อไทย
เปล่งมณี เร่งสมบูรณ์สุข,พรรคเพื่อไทย
ธเนศ เครือรัตน์,พรรคเพื่อไทย
สิริพงศ์ อังคสกุลเกียรติ,พรรคชาติไทย
สุตา พรมดวง,พรรคประชาราช
สุรชาติ ชาญประดิษฐ์,พรรคเพื่อไทย
ปวีณ แซ่จึง,พรรคเพื่อไทย
วีระพล จิตสัมฤทธิ์,พรรคเพื่อไทย
พรศักดิ์ เจริญประเสริฐ,พรรคเพื่อไทย
ร้อยโทกุเทพ ใสกระจ่าง,พรรคพลังประชาชน
จิรวดี จึงวรานนท์,พรรคประชาราช
อุดมลักษณ์ เพ็งนรพัฒน์,พรรคภูมิใจไทย
ธีระ ไตรสรณกุล,พรรคเพื่อไทย
วิวัฒน์ชัย โหตระไวศยะ,พรรคเพื่อไทย
เฉลิมชาติ การุญ,พรรคภูมิใจไทย
นิยม เวชกามา,พรรคเพื่อไทย
ทวีวัฒน์ ฤทธิ์ฤๅชัย,พรรคภูมิใจไทย
เสรี สาระนันท์,พรรคเพื่อไทย
จุมพฏ บุญใหญ่,ไม่สังกัดพรรค
พงษ์ศักดิ์ บุญศล,พรรคพลังประชาชน
อนุรักษ์ บุญศล,พรรคเพื่อไทย
เกษม อุประ,พรรคเพื่อไทย
ฟาริดา สุไลมาน,พรรคมาตุภูมิ
กิตติศักดิ์ รุ่งธนเกียรติ,พรรคเพื่อแผ่นดิน
ปกรณ์ มุ่งเจริญพร,พรรคภูมิใจไทย
สาธิต เทพวงศ์ศิริรัตน์,พรรคเพื่อแผ่นดิน
ยรรยง ร่วมพัฒนา,พรรคภูมิใจไทย
กรรณิการ์ เจริญพันธ์,พรรคชาติไทยพัฒนา
ธีระทัศน์ เตียวเจริญโสภา,พรรคเพื่อแผ่นดิน
มลิวัลย์ ธัญญสกุลกิจ,พรรคเพื่อแผ่นดิน
ศุภรักษ์ ควรหา,พรรคภูมิใจไทย
เลิศศักดิ์ ทัศนเศรษฐ,พรรคภูมิใจไทย
ว่าที่ร้อยตรีพงศ์พันธ์ สุนทรชัย,พรรคเพื่อไทย
ชมภู จันทาทอง,พรรคเพื่อไทย
สมคิด บาลไธสง,พรรคเพื่อไทย
ยุทธพงษ์ แสงศรี,พรรคเพื่อไทย
เชิดพงศ์ ราชป้องขันธ์,พรรคเพื่อไทย
ไตรรงค์ ติธรรม,พรรคเพื่อไทย
ไชยา พรหมา,พรรคเพื่อไทย
วิชัย สามิตร,พรรคเพื่อไทย
พิษณุ หัตถสงเคราะห์,พรรคเพื่อไทย
พันตำรวจโทสุรทิน พิมานเมฆินทร์,พรรคเพื่อไทย
เชิดชัย วิเชียรวรรณ,พรรคภูมิใจไทย
อนันต์ ศรีพันธุ์,พรรคเพื่อไทย
ธีระชัย แสนแก้ว,พรรคพลังประชาชน
เกียรติ์อุดม เมนะสวัสดิ์,พรรคเพื่อไทย
ทองดี มนิสสาร,พรรคเพื่อไทย
ต่อพงษ์ ไชยสาส์น,พรรคเพื่อไทย
ประสพ บุษราคัม,พรรคพลังประชาชน
ไชยยศ จิรเมธากร,พรรคเพื่อแผ่นดิน
จักรพรรดิ ไชยสาส์น,พรรคเพื่อไทย
วิเชียร ขาวขำ,พรรคเพื่อไทย
เกรียงศักดิ์ ฝ้ายสีงาม,พรรคเพื่อไทย
วรสิทธิ์ กัลป์ตินันท์,พรรคเพื่อไทย
ศุภชัย ศรีหล้า,พรรคประชาธิปัตย์
วุฒิพงษ์ นามบุตร,พรรคประชาธิปัตย์
สุทธิชัย จรูญเนตร,พรรคเพื่อไทย
รัฐกิตต์ ผาลีพัฒน์,พรรคชาติไทย
อุดร ทองประเสริฐ,พรรคเพื่อแผ่นดิน
ชูวิทย์ พิทักษ์พรพัลลภ,พรรคเพื่อไทย
ตุ่น จินตะเวช,พรรคชาติไทยพัฒนา
ศักดิ์ชัย จินตะเวช,พรรคชาติไทย
อุดร จินตะเวช,พรรคชาติไทยพัฒนา
สุชาติ ตันติวณิชชานนท์,พรรคเพื่อแผ่นดิน
สุพล ฟองงาม,พรรคเพื่อไทย
อิสสระ สมชัย,พรรคประชาธิปัตย์
อภิวัฒน์ เงินหมื่น,พรรคประชาธิปัตย์
วิเชียร อุดมศักดิ์,พรรคภูมิใจไทย
อาคม เอ่งฉ้วน,พรรคประชาธิปัตย์
สาคร เกี่ยวข้อง,พรรคประชาธิปัตย์
พิเชษฐ พันธุ์วิชาติกุล,พรรคประชาธิปัตย์
ชุมพล จุลใส,พรรคประชาธิปัตย์
สราวุธ อ่อนละมัย,พรรคประชาธิปัตย์
ธีระชาติ ปางวิรุฬห์รักษ์,พรรคประชาธิปัตย์
สาทิตย์ วงศ์หนองเตย,พรรคประชาธิปัตย์
สุกิจ อัถโถปกรณ์,พรรคประชาธิปัตย์
สมชาย โล่สถาพรพิพิธ,พรรคประชาธิปัตย์
สมบูรณ์ อุทัยเวียนกุล,พรรคประชาธิปัตย์
นริศา อดิเทพวรพันธุ์,พรรคประชาธิปัตย์
อภิชาต ศักดิเศรษฐ์,พรรคประชาธิปัตย์
สัมพันธ์ ทองสมัคร,พรรคประชาธิปัตย์
ชินวรณ์ บุณยเกียรติ,พรรคประชาธิปัตย์
เทพไท เสนพงศ์,พรรคประชาธิปัตย์
ประกอบ รัตนพันธ์,พรรคประชาธิปัตย์
วิทยา แก้วภราดัย,พรรคประชาธิปัตย์
อภิชาต การิกาญจน์,พรรคประชาธิปัตย์
สุรเชษฐ์ มาศดิตถ์,พรรคประชาธิปัตย์
พิมพ์ภัทรา วิชัยกุล,พรรคประชาธิปัตย์
แวมาฮาดี แวดาโอะ,พรรคเพื่อแผ่นดิน
เจะอามิง โตะตาหยง,พรรคประชาธิปัตย์
วัชระ ยาวอหะซัน,พรรคชาติไทยพัฒนา
กูเฮง ยาวอหะซัน,พรรคชาติไทย
นิอาริส เจตาภิวัฒน์,พรรคชาติไทยพัฒนา
นัจมุดดีน อูมา,พรรคมาตุภูมิ
อันวาร์ สาและ,พรรคประชาธิปัตย์
อิสมาแอล เบญอิบรอฮีม,พรรคประชาธิปัตย์
นิมุคตาร์ วาบา,พรรคเพื่อแผ่นดิน
ยุซรี ซูสารอ,พรรคเพื่อแผ่นดิน
กันตวรรณ ตันเถียร กุลจรรยาวิวัฒน์,พรรคประชาธิปัตย์
จุฤทธิ์ ลักษณวิศิษฏ์,พรรคประชาธิปัตย์
นิพิฏฐ์ อินทรสมบัติ,พรรคประชาธิปัตย์
สุพัชรี ธรรมเพชร,พรรคประชาธิปัตย์
นริศ ขำนุรักษ์,พรรคประชาธิปัตย์
เรวัต อารีรอบ,พรรคประชาธิปัตย์
ทศพร เทพบุตร,พรรคประชาธิปัตย์
ประเสริฐ พงษ์สุวรรณศิริ,พรรคประชาธิปัตย์
อับดุลการิม เด็งระกีนา,พรรคประชาธิปัตย์
ซูการ์โน มะทา,พรรคเพื่อไทย
วิรัช ร่มเย็น,พรรคประชาธิปัตย์
ประพร เอกอุรุ,พรรคประชาธิปัตย์
วินัย เสนเนียม,พรรคประชาธิปัตย์
ชัยวุฒิ ผ่องแผ้ว,พรรคประชาธิปัตย์
เจือ ราชสีห์,พรรคประชาธิปัตย์
ถาวร เสนเนียม,พรรคประชาธิปัตย์
วิรัตน์ กัลยาศิริ,พรรคประชาธิปัตย์
ลาภศักดิ์ ลาภาโรจน์กิจ,พรรคประชาธิปัตย์
ศิริโชค โสภา,พรรคประชาธิปัตย์
นาราชา สุวิทย์,พรรคประชาธิปัตย์
ฮอชาลี ม่าเหร็ม,พรรคประชาธิปัตย์
อสิ มะหะมัดยังกี,พรรคประชาธิปัตย์
สุเทพ เทือกสุบรรณ,พรรคประชาธิปัตย์
ธานี เทือกสุบรรณ,พรรคประชาธิปัตย์
ประพนธ์ นิลวัชรมณี,พรรคประชาธิปัตย์
ชุมพล กาญจนะ,พรรคประชาธิปัตย์
เชน เทือกสุบรรณ,พรรคประชาธิปัตย์
สินิตย์ เลิศไกร,พรรคประชาธิปัตย์
นิภา พริ้งศุลกะ,พรรคประชาธิปัตย์
ธวัชชัย อนามพงษ์,พรรคประชาธิปัตย์
ยุคล ชนะวัฒน์ปัญญา,พรรคประชาธิปัตย์
พงศ์เวช เวชชาชีวะ,พรรคประชาธิปัตย์
พิเชษฐ์ ตันเจริญ,พรรคเพื่อแผ่นดิน
อิทธิ ศิริลัทธยากร,พรรคพลังประชาชน
ณัชพล ตันเจริญ,พรรคเพื่อแผ่นดิน
วุฒิพงศ์ ฉายแสง,พรรคเพื่อไทย
ฐิติมา ฉายแสง,พรรคเพื่อไทย
ประมวล เอมเปีย,พรรคประชาธิปัตย์
บรรจบ รุ่งโรจน์,พรรคประชาธิปัตย์
มานิตย์ ภาวสุทธิ์,พรรคประชาธิปัตย์
พจนารถ แก้วผลึก,พรรคประชาธิปัตย์
ฐนโรจน์ โรจนกุลเสฏฐ์,พรรคประชาธิปัตย์
ไมตรี สอยเหลือง,พรรคประชาธิปัตย์
สรวุฒิ เนื่องจำนงค์,พรรคประชาธิปัตย์
พลตำรวจตรีวีระ อนันตกูล,พรรคประชาธิปัตย์
ธีระ สลักเพชร,พรรคประชาธิปัตย์
ชยุต ภุมมะกาญจนะ,พรรคกิจสังคม
สุนทร วิลาวัลย์,พรรคมัชฌิมาธิปไตย
เกียรติกร พากเพียรศิลป์,พรรคประชาธิปัตย์
อำนาจ วิลาวัลย์,พรรคภูมิใจไทย
คงกฤช หงษ์วิไล,พรรคเพื่อแผ่นดิน
สาธิต ปิตุเตชะ,พรรคประชาธิปัตย์
วิชัย ล้ำสุทธิ,พรรคประชาธิปัตย์
ธารา ปิตุเตชะ,พรรคประชาธิปัตย์
บัญญัติ เจตนจันทร์,พรรคประชาธิปัตย์
ฐานิสร์ เทียนทอง,พรรคประชาราช
ตรีนุช เทียนทอง,พรรคประชาราช
สรวงศ์ เทียนทอง,พรรคประชาราช
พลโทมะ โพธิ์งาม,พรรคเพื่อไทย
พลเอกสมชาย วิษณุวงศ์,พรรคเพื่อไทย
อัฏฐพล โพธิพิพิธ,พรรคประชาธิปัตย์
ปารเมศ โพธารากุล,พรรคประชาธิปัตย์
สันทัต จีนาภักดิ์,พรรคภูมิใจไทย
ชัยวุฒิ บรรณวัฒน์,พรรคประชาธิปัตย์
ธนิตพล ไชยนันทน์,พรรคประชาธิปัตย์
เธียรชัย สุวรรณเพ็ญ,พรรคประชาธิปัตย์
เฉลิมชัย ศรีอ่อน,พรรคประชาธิปัตย์
มนตรี ปาน้อยนนท์,พรรคประชาธิปัตย์
ประมวล พงศ์ถาวราเดช,พรรคประชาธิปัตย์
อลงกรณ์ พลบุตร,พรรคประชาธิปัตย์
อภิชาติ สุภาแพ่ง,พรรคประชาธิปัตย์
กัมพล สุภาแพ่ง,พรรคประชาธิปัตย์
บุญลือ ประเสริฐโสภา,พรรคพลังประชาชน
ยศศักดิ์ ชีววิญญู,พรรคประชาธิปัตย์
ปารีณา ปาจรียางกูร,พรรคชาติไทยพัฒนา
ปรีชญา ขำเจริญ,พรรคประชาธิปัตย์
มานิต นพอมรบดี,พรรคภูมิใจไทย
สามารถ พิริยะปัญญาพร,พรรคประชาธิปัตย์
