"names","parties"
"นางสาวกมนทรรศน์  กิตติสุนทรสกุล","พรรคก้าวไกล"
"นายกมลศักดิ์  ลีวาเมาะ","พรรคประชาชาติ"
"นายกรวีร์  ปริศนานันทกุล","พรรคภูมิใจไทย"
"นายกรวีร์  สาราคำ","พรรคเพื่อไทย"
"นายกระแสร์  ตระกูลพรพงศ์","พรรคพลังประชารัฐ"
"นายกรุณพล  เทียนสุวรรณ","พรรคก้าวไกล"
"นายกฤช  ศิลปชัย","พรรคก้าวไกล"
"นายกฤดิทัช  แสงธนโยธิน","พรรคใหม่"
"นางสาวกฤษฎิ์  ชีวะธรรมานนท์","พรรคก้าวไกล"
"นายกฤษฐ์หิรัญ  เลิศอุฤทธิ์ภักดี","พรรคก้าวไกล"
"นางสาวกฤษณา  สีหลักษณ์","พรรคเพื่อไทย"
"นายกัณตภณ  ดวงอัมพร","พรรคก้าวไกล"
"นายกัณวีร์  สืบแสง","พรรคเป็นธรรม"
"นายกันต์พงษ์  ประยูรศักดิ์","พรรคก้าวไกล"
"นางสาวกัลยพัชร  รจิตโรจน์","พรรคก้าวไกล"
"นายกาญจน์  ตั้งปอง","พรรคประชาธิปัตย์"
"นางสาวกาญจนา  จังหวะ","พรรคพลังประชารัฐ"
"นางสาวกานสินี  โอภาสรังสรรค์","พรรครวมไทยสร้างชาติ"
"นางสาวการณิก  จันทดา","พรรคก้าวไกล"
"นายกิตติ  กิตติธรกุล","พรรคภูมิใจไทย"
"นายกิตติ  สมทรัพย์","พรรคเพื่อไทย"
"นางสาวกิตติ์ธัญญา  วาจาดี","พรรคเพื่อไทย"
"นายกิตติภณ  ปานพรหมมาศ","พรรคก้าวไกล"
"นายกิตติศักดิ์  คณาสวัสดิ์","พรรคเพื่อไทย"
"นางสาวกุลวลี  นพอมรบดี","พรรครวมไทยสร้างชาติ"
"นายเกรียง  กัลป์ตินันท์","พรรคเพื่อไทย"
"นายเกรียงไกร  กิตติธเนศวร","พรรคเพื่อไทย"
"นายเกรียงยศ  สุดลาภา","พรรครวมไทยสร้างชาติ"
"นายเกรียงศักดิ์  ฝ้ายสีงาม","พรรคเพื่อไทย"
"นายเกษม  อุประ","พรรคเพื่อไทย"
"นายเกียรติคุณ  ต้นยาง","พรรคก้าวไกล"
"นายโกศล  ปัทมะ","พรรคเพื่อไทย"
"นางขวัญเรือน  เทียนทอง","พรรคพลังประชารัฐ"
"นางสาวขัตติยา  สวัสดิผล","พรรคเพื่อไทย"
"นายคงกฤษ  ฉัตรมาลีรัตน์","พรรคภูมิใจไทย"
"นายคริษฐ์  ปานเนียม","พรรคก้าวไกล"
"นายครูมานิตย์  สังข์พุ่ม","พรรคเพื่อไทย"
"นายคอซีย์  มามุ","พรรคพลังประชารัฐ"
"นายคำพอง  เทพาคำ","พรรคก้าวไกล"
"นายคุณากร  มั่นนทีรัย","พรรคก้าวไกล"
"นายจตุพร  กมลพันธ์ทิพย์","พรรคพลังประชารัฐ"
"นายจรยุทธ  จตุรพรประสิทธิ์","พรรคก้าวไกล"
"นายจรัส  คุ้มไข่น้ำ","พรรคก้าวไกล"
"นายจักพันธ์  ปิยพรไพบูลย์","พรรคประชาธิปัตย์"
"นายจักรกฤษณ์  ทองศรี","พรรคภูมิใจไทย"
"นายจักรวาล  ชัยวิรัตน์นุกูล","พรรคเพื่อไทย"
"นายจักรัตน์  พั้วช่วย","พรรคพลังประชารัฐ"
"นายจาตุรนต์  ฉายแสง","พรรคเพื่อไทย"
"นายจำลอง  ภูนวนทา","พรรคพลังประชารัฐ"
"นายจิตติพจน์  วิริยะโรจน์","พรรคเพื่อไทย"
"นายจิรวัฒน์  ศิริพานิชย์","พรรคเพื่อไทย"
"นายจิรวุฒิ  สิงห์โตทอง","พรรครวมไทยสร้างชาติ"
"นางสาวจิรัชยา  สัพโส","พรรคเพื่อไทย"
"นายจิรัฏฐ์  ทองสุวรรณ์","พรรคก้าวไกล"
"นางสาวจิราพร  สินธุไพร","พรรคเพื่อไทย"
"นายจีรเดช  ศรีวิราช","พรรคพลังประชารัฐ"
"นายจุติ  ไกรฤกษ์","พรรครวมไทยสร้างชาติ"
"นายจุรินทร์  ลักษณวิศิษฏ์","พรรคประชาธิปัตย์"
"นายจุลพงศ์  อยู่เกษ","พรรคก้าวไกล"
"นายจุลพันธ์  อมรวิวัฒน์","พรรคเพื่อไทย"
"นางจุฬาลักษณ์  ขันสุธรรม","พรรคก้าวไกล"
"นายเจเศรษฐ์  ไทยเศรษฐ์","พรรคภูมิใจไทย"
"นายเจษฎา  ดนตรีเสนาะ","พรรคก้าวไกล"
"นายฉกาจ  พัฒนกิจวิบูลย์","พรรคพลังประชารัฐ"
"นายฉลาด  ขามช่วง","พรรคเพื่อไทย"
"นายฉัตร  สุภัทรวณิชย์","พรรคก้าวไกล"
"ร้อยตำรวจเอก เฉลิม  อยู่บำรุง","พรรคเพื่อไทย"
"นายเฉลิมชัย  กุลาเลิศ","พรรคก้าวไกล"
"นายเฉลิมพงศ์  เเสงดี","พรรคก้าวไกล"
"นางสาวชญาภา  สินธุไพร","พรรคเพื่อไทย"
"นางสาวชนก  จันทาทอง","พรรคเพื่อไทย"
"นายชนนพัฒฐ์  นาคสั้ว","พรรคพลังประชารัฐ"
"นายชยพล  สท้อนดี","พรรคก้าวไกล"
"นายเกชา  ศักดิ์สมบูรณ์","พรรครวมไทยสร้างชาติ"
"นายชริน  วงศ์พันธ์เที่ยง","พรรคก้าวไกล"
"นายชลธานี  เชื้อน้อย","พรรคก้าวไกล"
"นางสาวชลธิชา  แจ้งเร็ว","พรรคก้าวไกล"
"นายชลน่าน  ศรีแก้ว","พรรคเพื่อไทย"
"นายชวน  หลีกภัย","พรรคประชาธิปัตย์"
"นายชวาล  พลเมืองดี","พรรคก้าวไกล"
"นายชัชวาล  แพทยาไทย","พรรคไทยสร้างไทย"
"นายชัชวาล  อภิรักษ์มั่นคง","พรรคก้าวไกล"
"นายชัชวาลล์  คงอุดม","พรรครวมไทยสร้างชาติ"
"นางสาวศรีญาดา  ปาลิมาพันธ์","พรรคเพื่อไทย"
"นายชัยชนะ  เดชเดโช","พรรคประชาธิปัตย์"
"นายชัยทิพย์  กมลพันธ์ทิพย์","พรรคพลังประชารัฐ"
"นายชัยธวัช  ตุลาธน","พรรคก้าวไกล"
"นายชัยมงคล  ไชยรบ","พรรคพลังประชารัฐ"
"นายชัยวัฒน์  เป้าเปี่ยมทรัพย์","พรรครวมไทยสร้างชาติ"
"นายชัยวัฒน์  สถาวรวิจิตร","พรรคก้าวไกล"
"นายชาดา  ไทยเศรษฐ์","พรรคภูมิใจไทย"
"นายชาตรี  หล้าพรหม","พรรคประชาธิปัตย์"
"นายชิตวัน  ชินอนุวัฒน์","พรรคก้าวไกล"
"นายชิษณุพงศ์  ตั้งเมธากุล","พรรคก้าวไกล"
"นายชุติพงศ์  พิภพภิญโญ","พรรคก้าวไกล"
"นางสาวชุติมา  คชพันธ์","พรรคก้าวไกล"
"นายชูกัน  กุลวงษา","พรรคภูมิใจไทย"
"นายชูชัย  มุ่งเจริญพร","พรรคเพื่อไทย"
"นายชูศักดิ์  คีรีมาศทอง","พรรคเพื่อไทย"
"นายชูศักดิ์  แม้นทิม","พรรคเพื่อไทย"
"รองศาสตราจารย์ชูศักดิ์  ศิรินิล","พรรคเพื่อไทย"
"นายเชตวัน  เตือประโคน","พรรคก้าวไกล"
"นายเชวงศักดิ์  เร่งไพบูลย์วงษ์","พรรคภูมิใจไทย"
"นายเชาวฤทธิ์  ขจรพงศ์กีรติ","พรรคพลังสังคมใหม่"
"นายเชิงชาย  ชาลีรินทร์","พรรคเพื่อไทย"
"นายโชติวุฒิ  ธนาคมานุสรณ์","พรรคพลังประชารัฐ"
"นายไชยชนก  ชิดชอบ","พรรคภูมิใจไทย"
"นายไชยวัฒนา  ติณรัตน์","พรรคเพื่อไทย"
"นายไชยา  พรหมา","พรรคเพื่อไทย"
"นายไชยามพวาน  มั่นเพียรจิตต์","พรรคไทยก้าวหน้า"
"นายซาการียา  สะอิ","พรรคภูมิใจไทย"
"นายซูการ์โน  มะทา","พรรคประชาชาติ"
"นายเซีย  จำปาทอง","พรรคก้าวไกล"
"นางสาวญาณธิชา  บัวเผื่อน","พรรคก้าวไกล"
"นางญาณีนาถ  เข็มนาค","พรรคภูมิใจไทย"
"นายฐากูร  ยะแสง","พรรคก้าวไกล"
"นายฐิติกันต์  ฐิติพฤฒิกุล","พรรคก้าวไกล"
"นางฐิติมา  ฉายแสง","พรรคเพื่อไทย"
"นายณกร  ชารีพันธ์","พรรคก้าวไกล"
"นายสุเทพ  อู่อ้น","พรรคก้าวไกล"
"นายณพล  เชยคำแหง","พรรคเพื่อไทย"
"นายณรงเดช  อุฬารกุล","พรรคก้าวไกล"
"นายณัฏฐ์ชนน  ศรีก่อเกื้อ","พรรคภูมิใจไทย"
"นางสาวณัฐจิรา  อิ่มวิเศษ","พรรคเพื่อไทย"
"นายณัฐชา  บุญไชยอินสวัสดิ์","พรรคก้าวไกล"
"นายณัฐพงศ์  เปรมพูลสวัสดิ์","พรรคก้าวไกล"
"นายณัฐพงษ์  พิพัฒน์ไชยศิริ","พรรคก้าวไกล"
"นายณัฐพงษ์  เรืองปัญญาวุฒิ","พรรคก้าวไกล"
"นายณัฐพงษ์  สุปริยศิลป์","พรรคเพื่อไทย"
"นายณัฐพงษ์  สุมโนธรรม","พรรคก้าวไกล"
"นายณัฐพล  โตวิจักษณ์ชัยกุล","พรรคก้าวไกล"
"นายณัฐวุฒิ  บัวประทุม","พรรคก้าวไกล"
"นายณัฐวุฒิ  ประเสริฐสุวรรณ","พรรคชาติไทยพัฒนา"
"นายดนุพร  ปุณณกันต์","พรรคเพื่อไทย"
"รองศาสตราจารย์พิเศษดวงฤทธิ์ เบ็ญจาธิกุล  ชัยรุ่งเรือง","พรรครวมไทยสร้างชาติ"
"นายเดชอิศม์  ขาวทอง","พรรคประชาธิปัตย์"
"นายตรัยวรรธน์  อิ่มใจ","พรรคก้าวไกล"
"นางสาวตรีนุช  เทียนทอง","พรรคพลังประชารัฐ"
"นางสาวตวงทิพย์  จินตะเวช","พรรคภูมิใจไทย"
"นายไตรเทพ  งามกมล","พรรคภูมิใจไทย"
"นายถนอมพงศ์  หลีกภัย","พรรครวมไทยสร้างชาติ"
"นายถิรเดช  ตั้งมั่นก่อกิจ","พรรคภูมิใจไทย"
"นายทรงยศ  รามสูต","พรรคเพื่อไทย"
"นายชลัฐ  รัชกิจประการ","พรรคภูมิใจไทย"
"นายทรงศักดิ์  มุสิกอง","พรรคประชาธิปัตย์"
"นายทรงศักดิ์  ส่งเสริมอุดมชัย","พรรคเพื่อไทย"
"นายทวิวงศ์  โตทวิวงศ์","พรรคก้าวไกล"
"พันตำรวจเอก ทวี  สอดส่อง","พรรคประชาชาติ"
"นายทวี  สุระบาล","พรรคพลังประชารัฐ"
"นายทศพร  เสรีรักษ์","พรรคเพื่อไทย"
"นายทินพล  ศรีธเรศ","พรรคเพื่อไทย"
"นางทิพา  ปวีณาเสถียร","พรรคก้าวไกล"
"นางสาวทิสรัตน์  เลาหพล","พรรคก้าวไกล"
"นายเทอดชาติ  ชัยพงษ์","พรรคเพื่อไทย"
"นายเท่าพิภพ  ลิ้มจิตรกร","พรรคก้าวไกล"
"นางเทียบจุฑา  ขาวขำ","พรรคเพื่อไทย"
"นายธนกร  วังบุญคงชนะ","พรรครวมไทยสร้างชาติ"
"เรืออากาศโท ธนเดช  เพ็งสุข","พรรคก้าวไกล"
"นายธนพัฒน์  ศรีชนะ","พรรคภูมิใจไทย"
"นายธนยศ  ทิมสุวรรณ","พรรคภูมิใจไทย"
"นายธนา  กิจไพบูลย์ชัย","พรรคภูมิใจไทย"
"นายธนาธร  โล่ห์สุนทร","พรรคเพื่อไทย"
"นายธเนศ  เครือรัตน์","พรรคเพื่อไทย"
"นายธรรมนัส  พรหมเผ่า","พรรคพลังประชารัฐ"
"นายธัญธร  ธนินวัฒนาธร","พรรคก้าวไกล"
"นางสาวธัญธารีย์  สันตพันธุ์","พรรคเพื่อไทย"
"นายธัญวัจน์  กมลวงศ์วัฒน์","พรรคก้าวไกล"
"นายธานินท์  นวลวัฒน์","พรรครวมไทยสร้างชาติ"
"นางธิวัลรัตน์  อังกินันทน์","พรรครวมไทยสร้างชาติ"
"นางสาวธิษะณา  ชุณหะวัณ","พรรคก้าวไกล"
"นางสาวธีรรัตน์  สำเร็จวาณิชย์","พรรคเพื่อไทย"
"นายธีระชัย  แสนแก้ว","พรรคเพื่อไทย"
"นายธีรัจชัย  พันธุมาศ","พรรคก้าวไกล"
"นายพงศธร  ศรเพชรนรินทร์","พรรคก้าวไกล"
"นายนนท์  ไพศาลลิ้มเจริญกิจ","พรรคก้าวไกล"
"นายนพดล  ทิพยชล","พรรคก้าวไกล"
"นายนพดล  ปัทมะ","พรรคเพื่อไทย"
"นายนพดล  มาตรศรี","พรรคชาติไทยพัฒนา"
"นายนพพล  เหลืองทองนารา","พรรคเพื่อไทย"
"นายนรเสฎฐ์  ศิริโรจนกุล","พรรคเพื่อไทย"
"นายนรากร  นาเมืองรักษ์","พรรคเพื่อไทย"
"นายนรินทร์  คลังผา","พรรคภูมิใจไทย"
"นายนเรศ  ธำรงค์ทิพยคุณ","พรรคพลังประชารัฐ"
"นายนิกร  โสมกลาง","พรรคเพื่อไทย"
"นายนิคม  บุญวิเศษ","พรรคเพื่อไทย"
"นางสาวนิตยา  มีศรี","พรรคก้าวไกล"
"นายนิติพล  ผิวเหมาะ","พรรคก้าวไกล"
"นายนิติศักดิ์  ธรรมเพชร","พรรครวมไทยสร้างชาติ"
"นายนิพนธ์  คนขยัน","พรรคเพื่อไทย"
"นายนิยม  วิวรรธนดิฐกุล","พรรคเพื่อไทย"
"นางนุชนาถ  จารุวงษ์เสถียร","พรรคเพื่อไทย"
"นางสาวแนน บุณย์ธิดา  สมชัย","พรรคภูมิใจไทย"
"นายบัญชา  เดชเจริญศิริกุล","พรรคท้องที่ไทย"
"นายบัญญัติ  บรรทัดฐาน","พรรคประชาธิปัตย์"
"นายบุญแก้ว  สมวงศ์","พรรคเพื่อไทย"
"นายบุญชัย  กิตติธาราทรัพย์","พรรคพลังประชารัฐ"
"นางบุญยิ่ง  นิติกาญจนา","พรรคพลังประชารัฐ"
"นายบุญเลิศ  แสงพันธุ์","พรรคก้าวไกล"
"นางสาวเบญจา  แสงจันทร์","พรรคก้าวไกล"
"นายปกรณ์  จีนาคำ","พรรคพลังประชารัฐ"
"นายปกรณ์  มุ่งเจริญพร","พรรคภูมิใจไทย"
"นายปกรณ์วุฒิ  อุดมพิพัฒน์สกุล","พรรคก้าวไกล"
"นายปดิพัทธ์  สันติภาดา","พรรคเป็นธรรม"
"นางปทิดา  ตันติรัตนานนท์","พรรคภูมิใจไทย"
"นายปรเมษฐ์  จินา","พรรครวมไทยสร้างชาติ"
"นายประดิษฐ์  สังขจาย","พรรคภูมิใจไทย"
"นายประภัตร  โพธสุธน","พรรคชาติไทยพัฒนา"
"นางสาวประภา  เฮงไพบูลย์","พรรคภูมิใจไทย"
"นางสาวประภาพร  ทองปากน้ำ","พรรคเพื่อไทย"
"นายประมวล  พงศ์ถาวราเดช","พรรคประชาธิปัตย์"
"นายประยุทธ์  ศิริพานิชย์","พรรคเพื่อไทย"
"พลเอก ประวิตร  วงษ์สุวรรณ","พรรคพลังประชารัฐ"
"นางสาวประวีณ์นุช  เลิศจิตติสุทธิ์","พรรคเพื่อไทย"
"นายประสาท  ตันประเสริฐ","พรรคชาติพัฒนากล้า"
"นายประสิทธิ์  ปัทมผดุงศักดิ์","พรรคก้าวไกล"
"นางสาวละออง  ติยะไพรัช","พรรคเพื่อไทย"
"นายประเสริฐ  บุญเรือง","พรรคเพื่อไทย"
"นายประเสริฐพงษ์  ศรนุวัตร์","พรรคก้าวไกล"
"นางสาวปรัชญาวรรณ  ไชยสืบ","พรรคก้าวไกล"
"นายปริญญา  ฤกษ์หร่าย","พรรคพลังประชารัฐ"
"นายปรีดา  บุญเพลิง","พรรคครูไทยเพื่อประชาชน"
"นายปรีติ  เจริญศิลป์","พรรคก้าวไกล"
"นางสาวปวิตรา  จิตตกิจ","พรรคก้าวไกล"
"นางปัญญารัตน์  นันทภูษิตานนท์","พรรคก้าวไกล"
"นายปารมี  ไวจงเจริญ","พรรคก้าวไกล"
"นายปารเมศ  วิทยารักษ์สรรค์","พรรคก้าวไกล"
"นายปิยชาติ  รุจิพรวศิน","พรรคก้าวไกล"
"นายปิยรัฐ  จงเทพ","พรรคก้าวไกล"
"นางสาวปิยะนุช  ยินดีสุข","พรรคเพื่อไทย"
"นางสาวปิยะรัฐชย์  ติยะไพรัช","พรรคเพื่อไทย"
"นางสาวผกามาศ  เจริญพันธ์","พรรคภูมิใจไทย"
"นายไผ่  ลิกค์","พรรคพลังประชารัฐ"
"นายพงศ์พันธ์  ยอดเมืองเจริญ","พรรคก้าวไกล"
"นายพงษ์มนู  ทองหนัก","พรรครวมไทยสร้างชาติ"
"นายพชร  จันทรรวงทอง","พรรคเพื่อไทย"
"นายพนม  โพธิ์แก้ว","พรรคเพื่อไทย"
"นางสาวพนิดา  มงคลสวัสดิ์","พรรคก้าวไกล"
"นายพรชัย  ศรีสุริยันโยธิน","พรรคภูมิใจไทย"
"นายพรเทพ  พูนศรีธนากูล","พรรคเพื่อไทย"
"นายพรเทพ  ศิริโรจนกุล","พรรคเพื่อไทย"
"นางพรรณสิริ  กุลนาถศิริ","พรรคเพื่อไทย"
"นายพริษฐ์  วัชรสินธุ","พรรคก้าวไกล"
"นายพลพีร์  สุวรรณฉวี","พรรคภูมิใจไทย"
"นายพลากร  พิมพะนิตย์","พรรคเพื่อไทย"
"นายพัฒนา  สัพโส","พรรคเพื่อไทย"
"นายพันธ์ศักดิ์  บุญแทน","พรรครวมไทยสร้างชาติ"
"นายพาณุวัฒณ์  สะสมทรัพย์","พรรคชาติไทยพัฒนา"
"นางพิชชารัตน์  เลาหพงศ์ชนะ","พรรครวมไทยสร้างชาติ"
"นายพิชัย  แจ้งจรรยาวงศ์","พรรคก้าวไกล"
"นายพิชัย  ชมภูพล","พรรคภูมิใจไทย"
"นายพิเชษฐ์  เชื้อเมืองพาน","พรรคเพื่อไทย"
"นายพิทักษ์เดช  เดชเดโช","พรรคประชาธิปัตย์"
"นายพิธา  ลิ้มเจริญรัตน์","พรรคก้าวไกล"
"นายพิบูลย์  รัชกิจประการ","พรรคภูมิใจไทย"
"นายพิพิธ  รัตนรักษ์","พรรครวมไทยสร้างชาติ"
"นางสาวพิมพ์กาญจน์  กีรติวิราปกรณ์","พรรคก้าวไกล"
"นางพิมพกาญจน์  พลสมัคร","พรรคเพื่อไทรวมพลัง"
"นางสาวพิมพ์พร  พรพฤฒิพันธุ์","พรรคพลังประชารัฐ"
"นางสาวพิมพ์พิชชา  ชัยศุภกิจเจริญ","พรรคเพื่อไทย"
"นางสาวพิมพ์ภัทรา  วิชัยกุล","พรรครวมไทยสร้างชาติ"
"นางสาวพิมพฤดา  ตันจรารักษ์","พรรคภูมิใจไทย"
"พลเอก พิศาล  วัฒนวงษ์คีรี","พรรคเพื่อไทย"
"นายพีระเดช  ศิริวันสาณฑ์","พรรคภูมิใจไทย"
"นายอนุชา  บูรพชัยศรี","พรรครวมไทยสร้างชาติ"
"นางสาวพุธิตา  ชัยอนันต์","พรรคก้าวไกล"
"นายพูนศักดิ์  จันทร์จำปี","พรรคก้าวไกล"
"นายเพชรภูมิ  อาภรณ์รัตน์","พรรคพลังประชารัฐ"
"นางสาวเพชรรัตน์  ใหม่ชมภู","พรรคก้าวไกล"
"นายไพโรจน์  โล่ห์สุนทร","พรรคเพื่อไทย"
"นางสาวภคมน  หนุนอนันต์","พรรคก้าวไกล"
"นายภราดร  ปริศนานันทกุล","พรรคภูมิใจไทย"
"นายภัณฑิล  น่วมเจิม","พรรคก้าวไกล"
"นายภัทรพงศ์  ภัทรประสิทธิ์","พรรคภูมิใจไทย"
"นายภัทรพงษ์  ลีลาภัทร์","พรรคก้าวไกล"
"นางสาวภัสริน  รามวงศ์","พรรคก้าวไกล"
"นายภาคภูมิ  บูลย์ประมุข","พรรคพลังประชารัฐ"
"นายภาควัต  ศรีสุรพล","พรรคเพื่อไทย"
"นายภาณุ  พรวัฒนา","พรรคเพื่อไทย"
"นายภูมินทร์  ลีธีระประเสริฐ","พรรคเพื่อไทย"
"นายภูมิพัฒน์  พชรทรัพย์","พรรคเพื่อไทย"
"นายภูริวรรธก์  ใจสำราญ","พรรคก้าวไกล"
"นายมณเฑียร  สงฆ์ประชา","พรรคภูมิใจไทย"
"นางมนพร  เจริญศรี","พรรคเพื่อไทย"
"นายมนัสนันท์  หลีนวรัตน์","พรรคเพื่อไทย"
"นางสาวมัลลิกา  จิระพันธุ์วาณิช","พรรคภูมิใจไทย"
"นายมานพ  คีรีภูวดล","พรรคก้าวไกล"
"นายมานพ  ศรีผึ้ง","พรรคภูมิใจไทย"
"นางมุกดาวรรณ  เลื่องสีนิล","พรรคภูมิใจไทย"
"นายยศวัฒน์  มาไพศาลสิน","พรรคภูมิใจไทย"
"นายยอดชาย  พึ่งพร","พรรคก้าวไกล"
"ว่าที่ร้อยโท ยุทธการ  รัตนมาศ","พรรคประชาธิปัตย์"
"นายยูนัยดี  วาบา","พรรคประชาธิปัตย์"
"นายรชตะ  ด่านกุล","พรรคเพื่อไทย"
"นางสาวรภัสสรณ์  นิยะโมสถ","พรรคก้าวไกล"
"นายร่มธรรม  ขำนุรักษ์","พรรคประชาธิปัตย์"
"นายรวี  เล็กอุทัย","พรรคเพื่อไทย"
"นายรอมฎอน  ปันจอร์","พรรคก้าวไกล"
"นางสาวรักชนก  ศรีนอก","พรรคก้าวไกล"
"นายรังสรรค์  มณีรัตน์","พรรคเพื่อไทย"
"นายรังสิกร  ทิมาตฤกะ","พรรคภูมิใจไทย"
"นายรังสิมันต์  โรม","พรรคก้าวไกล"
"นายรัชต์พงศ์  สร้อยสุวรรณ","พรรคก้าวไกล"
"นางสาวรัชนก  สุขประเสริฐ","พรรคก้าวไกล"
"นางรัชนี  พลซื่อ","พรรคพลังประชารัฐ"
"นายรัฐ  คลังแสง","พรรคเพื่อไทย"
"นายราชิต  สุดพุ่ม","พรรคประชาธิปัตย์"
"นางรำพูล  ตันติวณิชชานนท์","พรรคไทยสร้างไทย"
"นายรุ่งโรจน์  ทองศรี","พรรคภูมิใจไทย"
"นายเรืองวิทย์  คูณวัฒนาพงษ์","พรรคภูมิใจไทย"
"นายฤกษ์  อยู่ดี","พรรคภูมิใจไทย"
"นายลัทธชัย  โชคชัยวัฒนากร","พรรคภูมิใจไทย"
"นายล้ำเลิศ  พัวพัฒนโชติ","พรรคภูมิใจไทย"
"นางสาวลิณธิภรณ์  วริณวัชรโรจน์","พรรคเพื่อไทย"
"นายเลาฟั้ง  บัณฑิตเทอดสกุล","พรรคก้าวไกล"
"นายเลิศศักดิ์  พัฒนชัยกุล","พรรคเพื่อไทย"
"นางสาววชิราภรณ์  กาญจนะ","พรรครวมไทยสร้างชาติ"
"นายวรโชติ  สุคนธ์ขจร","พรรคพลังประชารัฐ"
"นายวรท  ศิริรักษ์","พรรคก้าวไกล"
"นายวรภพ  วิริยะโรจน์","พรรคก้าวไกล"
"นายวรรณรัตน์  ชาญนุกูล","พรรคชาติพัฒนากล้า"
"นางสาววรรณวิภา  ไม้สน","พรรคก้าวไกล"
"นางสาววรรณิดา  นพสิทธิ์","พรรคก้าวไกล"
"นายวรวงศ์  วรปัญญา","พรรคเพื่อไทย"
"นายวรวัจน์  เอื้ออภิญญกุล","พรรคเพื่อไทย"
"ผู้ช่วยศาสตราจารย์วรวิทย์  บารู","พรรคประชาชาติ"
"นายวรศิษฎ์  เลียงประสิทธิ์","พรรคภูมิใจไทย"
"นายวรสิทธิ์  กัลป์ตินันท์","พรรคเพื่อไทย"
"นายวรายุทธ  ทองสุข","พรรคก้าวไกล"
"นายวราวุธ  ศิลปอาชา","พรรคชาติไทยพัฒนา"
"นายวัชรพงศ์  คูวิจิตรสุวรรณ","พรรคภูมิใจไทย"
"นายวัชระ  ยาวอหะซัน","พรรครวมไทยสร้างชาติ"
"นายวัชระพล  ขาวขำ","พรรคเพื่อไทย"
"นายวันนิวัติ  สมบูรณ์","พรรคเพื่อไทย"
"นางวันเพ็ญ  พร้อมพัฒน์","พรรคพลังประชารัฐ"
"นายวันมูหะมัดนอร์  มะทา","พรรคประชาชาติ"
"นายวาโย  อัศวรุ่งเรือง","พรรคก้าวไกล"
"นายวารุจ  ศิริวัฒน์","พรรคเพื่อไทย"
"นายวิชัย  สุดสวาสดิ์","พรรครวมไทยสร้างชาติ"
"นายวิทยา  แก้วภราดัย","พรรครวมไทยสร้างชาติ"
"นายวิทวัส  ติชะวาณิชย์","พรรคก้าวไกล"
"นายวิทวิสิทธิ์  ปันสวนปลูก","พรรคก้าวไกล"
"นายวินัย  ภัทรประสิทธิ์","พรรคภูมิใจไทย"
"นางสาววิภาณี  ภูคำวงศ์","พรรคเพื่อไทย"
"นายวิรัช  พิมพะนิตย์","พรรคเพื่อไทย"
"นายวิริยะ  ทองผา","พรรคพลังประชารัฐ"
"พลตำรวจโท วิโรจน์  เปาอินทร์","พรรคเพื่อไทย"
"นายวิโรจน์  ลักขณาอดิศร","พรรคก้าวไกล"
"นางสาววิลดา  อินฉัตร","พรรคเพื่อไทย"
"นางสาววิสาระดี  เตชะธีราวัฒน์","พรรคเพื่อไทย"
"นายวิสุทธิ์  ไชยณรุณ","พรรคเพื่อไทย"
"นายวีรนันท์  ฮวดศรี","พรรคก้าวไกล"
"นายวีรภัทร  คันธะ","พรรคก้าวไกล"
"นายวีรวุธ  รักเที่ยง","พรรคก้าวไกล"
"นายวีระพล  จิตสัมฤทธิ์","พรรคเพื่อไทย"
"นายวุฒินันท์  บุญชู","พรรคก้าวไกล"
"นายวุฒิพงศ์  ทองเหลา","พรรคชาติพัฒนากล้า"
"นายวุฒิพงษ์  นามบุตร","พรรคประชาธิปัตย์"
"นางสาวศนิวาร  บัวบาน","พรรคก้าวไกล"
"นายศรัณย์  ทิมสุวรรณ","พรรคเพื่อไทย"
"นางสาวศรีโสภา  โกฏคำลือ","พรรคเพื่อไทย"
"นางสาวศศินันท์  ธรรมนิฐินันท์","พรรคก้าวไกล"
"นายศักดิ์  ซารัมย์","พรรคภูมิใจไทย"
"นายศักดิ์ชาย  ตันเจริญ","พรรคเพื่อไทย"
"นายศักดิ์ดา  วิเชียรศิลป์","พรรคเพื่อไทย"
"นายศักดินัย  นุ่มหนู","พรรคก้าวไกล"
"นางนันทนา  สงฆ์ประชา","พรรคภูมิใจไทย"
"นายศักดิ์สิทธิ์  ขาวทอง","พรรคประชาธิปัตย์"
"นายศาสตรา  ศรีปาน","พรรครวมไทยสร้างชาติ"
"นายศิรสิทธิ์  เลิศด้วยลาภ","พรรคเพื่อไทย"
"นายศิรสิทธิ์  สงนุ้ย","พรรคก้าวไกล"
"นางสาวศิริกัญญา  ตันสกุล","พรรคก้าวไกล"
"นายศิริโรจน์  ธนิกกุล","พรรคก้าวไกล"
"นายศิริวัฒน์  ขจรประศาสน์","พรรคภูมิใจไทย"
"นายศิวะ  พงศ์ธีระดุลย์","พรรคเพื่อไทย"
"นายศุทธสิทธิ์  พจน์ฐศักดิ์","พรรคก้าวไกล"
"นายศุภโชค  ศรีสุขจร","พรรคชาติไทยพัฒนา"
"นายศุภโชติ  ไชยสัจ","พรรคก้าวไกล"
"นายศุภณัฐ  มีนชัยนันท์","พรรคก้าวไกล"
"นายศุภปกรณ์  กิตยาธิคุณ","พรรคก้าวไกล"
"นายษฐา  ขาวขำ","พรรคภูมิใจไทย"
"นายสกล  สุนทรวาณิชย์กิจ","พรรคก้าวไกล"
"นางสาวสกุณา  สาระนันท์","พรรคเพื่อไทย"
"นางสาวเพ็ญชิสา  หงษ์อุปถัมภ์ชัย","พรรคเพื่อไทย"
"นายสนอง  เทพอักษรณรงค์","พรรคภูมิใจไทย"
"นายสมเกียรติ  ตันดิลกตระกูล","พรรคเพื่อไทย"
"นายสมเจตน์  แสงเจริญรัตน์","พรรคเพื่อไทย"
"ว่าที่ร้อยตรี สมชาติ  เตชถาวรเจริญ","พรรคก้าวไกล"
"นายสมดุลย์  อุตเจริญ","พรรคก้าวไกล"
"นายสมบัติ  ยะสินธุ์","พรรคประชาธิปัตย์"
"นายสมพงษ์  อมรวิวัฒน์","พรรคเพื่อไทย"
"นายสมมุติ  เบ็ญจลักษณ์","พรรคประชาชาติ"
"นายสมยศ  พลายด้วง","พรรคประชาธิปัตย์"
"นายณณัฏฐ์  หงษ์ชูเวช","พรรคเพื่อไทย"
"นายสมศักดิ์  บุญประชม","พรรคเพื่อไทรวมพลัง"
"นายสยาม  เพ็งทอง","พรรคภูมิใจไทย"
"นายสยาม  หัตถสงเคราะห์","พรรคเพื่อไทย"
"นายสรชัด  สุจิตต์","พรรคชาติไทยพัฒนา"
"นายสรพัช  ศรีปราชญ์","พรรคก้าวไกล"
"นายสรรพภัญญู  ศิริไปล์","พรรคเพื่อไทย"
"นายสรรเพชญ  บุญญามณี","พรรคประชาธิปัตย์"
"นายสรวงศ์  เทียนทอง","พรรคเพื่อไทย"
"นายสรวีย์  ศุภปณิตา","พรรคก้าวไกล"
"นางสาวสรัสนันท์  อรรณนพพร","พรรคเพื่อไทย"
"นายสฤษฏ์พงษ์  เกี่ยวข้อง","พรรคภูมิใจไทย"
"นายสฤษดิ์  บุตรเนียร","พรรคภูมิใจไทย"
"นางสว่างจิตต์  เลาหะโรจนพันธ์","พรรคก้าวไกล"
"นายสหัสวัต  คุ้มคง","พรรคก้าวไกล"
"นายสะถิระ  เผือกประพันธุ์","พรรคพลังประชารัฐ"
"นายสังคม  แดงโชติ","พรรคภูมิใจไทย"
"นายสัญญา  นิลสุพรรณ","พรรครวมไทยสร้างชาติ"
"นายสันต์  แซ่ตั้ง","พรรครวมไทยสร้างชาติ"
"นายสัมพันธ์  มะยูโซ๊ะ","พรรคพลังประชารัฐ"
"นายสัมฤทธิ์  แทนทรัพย์","พรรคภูมิใจไทย"
"นายสาธิต  ทวีผล","พรรคก้าวไกล"
"นายสาเหะมูหามัด  อัลอิดรุส","พรรคประชาชาติ"
"นายสิงหภณ  ดีนาง","พรรคเพื่อไทย"
"นายสิทธิชัย  หล่อประสงค์สุข","พรรคเพื่อไทย"
"นายสิทธิพล  วิบูลย์ธนากุล","พรรคก้าวไกล"
"พันโท สินธพ  แก้วพิจิตร","พรรครวมไทยสร้างชาติ"
"นายสิริน  สงวนสิน","พรรคก้าวไกล"
"นางสาวสิริลภัส  กองตระการ","พรรคก้าวไกล"
"นางสุขสมรวย  วันทนียกุล","พรรคภูมิใจไทย"
"นายสุชาติ  ชมกลิ่น","พรรครวมไทยสร้างชาติ"
"นายสุชาติ  ตันเจริญ","พรรคเพื่อไทย"
"นางสาวสุณัฐชา  โล่สถาพรพิพิธ","พรรคประชาธิปัตย์"
"นายฐากร  ตัณฑสิทธิ์","พรรคไทยสร้างไทย"
"นางสาวสุดารัตน์  พิทักษ์พรพัลลภ","พรรคเพื่อไทย"
"นางสาวสุดาวรรณ  หวังศุภกิจโกศล","พรรคเพื่อไทย"
"นายสุทธิชัย  จรูญเนตร","พรรคภูมิใจไทย"
"นายสุทิน  คลังแสง","พรรคเพื่อไทย"
"นายสุธรรม  จริตงาม","พรรคพลังประชารัฐ"
"นายสุธรรม  แสงประทุม","พรรคเพื่อไทย"
"นายสุพล  จุลใส","พรรครวมไทยสร้างชาติ"
"นางสุพัชรี  ธรรมเพชร","พรรคประชาธิปัตย์"
"นางศิริวรรณ  ปราศจากศัตรู","พรรครวมไทยสร้างชาติ"
"นายสุภกร  ตันติไพบูลย์ธนะ","พรรคก้าวไกล"
"นางสาวสุภาพร  กำเนิดผล","พรรคประชาธิปัตย์"
"นางสุภาพร  สลับศรี","พรรคไทยสร้างไทย"
"นายสุรเกียรติ  เทียนทอง","พรรคเพื่อไทย"
"นายสุรชาติ  ชาญประดิษฐ์","พรรคเพื่อไทย"
"นายสุรเชษฐ์  ประวีณวงศ์วุฒิ","พรรคก้าวไกล"
"นายสุรทิน  พิจารณ์","พรรคประชาธิปไตยใหม่"
"นายสุรพจน์  เตาะเจริญสุข","พรรคเพื่อไทย"
"พลตำรวจตรี สุรพล  บุญมา","พรรคเพื่อไทย"
"นายสุรพันธ์  ไวยากรณ์","พรรคก้าวไกล"
"รองศาสตราจารย์สุรวาท  ทองบุ","พรรคก้าวไกล"
"นายสุรศักดิ์  พันธ์เจริญวรกุล","พรรคภูมิใจไทย"
"พลตำรวจตรี สุรินทร์  ปาลาเร่","พรรคประชาธิปัตย์"
"นายชนินทร์  รุ่งธนเกียรติ","พรรคเพื่อไทย"
"นายสุไลมาน  บือแนปีแน","พรรคประชาชาติ"
"นายสุวรรณา  กุมภิโร","พรรคภูมิใจไทย"
"นายเสมอกัน  เที่ยงธรรม","พรรคชาติไทยพัฒนา"
"นายมังกร  ยนต์ตระกูล","พรรคเสรีรวมไทย"
"นายโสภณ  ซารัมย์","พรรคภูมิใจไทย"
"นางหทัยรัตน์  เพชรพนมพร","พรรคเพื่อไทย"
"นายหรั่ง  ธุระพล","พรรคไทยสร้างไทย"
"นายองค์การ  ชัยบุตร","พรรคก้าวไกล"
"นายองอาจ  ฉัตรชัยพลรัตน์","พรรคภูมิใจไทย"
"นายองอาจ  วงษ์ประยูร","พรรคพลังประชารัฐ"
"นายอดิพงษ์  ฐิติพิทยา","พรรคภูมิใจไทย"
"นายอดิศร  เพียงเกษ","พรรคเพื่อไทย"
"นายอดิศักดิ์  แก้วมุงคุณทรัพย์","พรรคไทยสร้างไทย"
"นายอนันต์  ปรีดาสุทธิจิตต์","พรรคเพื่อไทย"
"นายอนันต์  ผลอำนวย","พรรคพลังประชารัฐ"
"นายอนุชา  นาคาศัย","พรรครวมไทยสร้างชาติ"
"นายอนุชา  สะสมทรัพย์","พรรคชาติไทยพัฒนา"
"นายอนุทิน  ชาญวีรกูล","พรรคภูมิใจไทย"
"นายอนุรักษ์  จุรีมาศ","พรรคชาติไทยพัฒนา"
"นายอนุรัตน์  ตันบรรจง","พรรคพลังประชารัฐ"
"นายอนุสรณ์  แก้ววิเชียร","พรรคก้าวไกล"
"นายอนุสรณ์  เอี่ยมสะอาด","พรรคเพื่อไทย"
"นายอภิชา  เลิศพชรกมล","พรรคเพื่อไทย"
"จ่าอากาศเอก อภิชาติ  แก้วโกศล","พรรครวมไทยสร้างชาติ"
"นายอภิชาติ  ตีรสวัสดิชัย","พรรคเพื่อไทย"
"นายอภิชาติ  ศิริสุนทร","พรรคก้าวไกล"
"นายอภิสิทธิ์  ไล่สัตรูไกล","พรรคก้าวไกล"
"นายอมรเทพ  สมหมาย","พรรคเพื่อไทย"
"ว่าที่ร้อยตรีหญิง อรพรรณ  จันตาเรือง","พรรคก้าวไกล"
"นายอรรถกร  ศิริลัทธยากร","พรรคพลังประชารัฐ"
"นายอรรถพล  ไตรศรี","พรรคภูมิใจไทย"
"นายอรรถพล  วงษ์ประยูร","พรรคเพื่อไทย"
"นายอลงกต  มณีกาศ","พรรคภูมิใจไทย"
"นางอวยพรศรี  เชาวลิต","พรรคประชาธิปัตย์"
"นายอัคร  ทองใจสด","พรรคพลังประชารัฐ"
"นายอัครเดช  วงษ์พิทักษ์โรจน์","พรรครวมไทยสร้างชาติ"
"นายอัครนันท์  กัณณ์กิตตินันท์","พรรคเพื่อไทย"
"นายอัครแสนคีรี  โล่ห์วีระ","พรรคพลังประชารัฐ"
"นายอับดุลอายี  สาแม็ง","พรรคประชาชาติ"
"นายอาทิตย์  หวังศุภกิจโกศล","พรรคเพื่อไทย"
"นายอานุภาพ  ลิขิตอำนวยชัย","พรรคก้าวไกล"
"นายอามินทร์  มะยูโซ๊ะ","พรรคพลังประชารัฐ"
"นายอาสพลธ์  สรรณ์ไตรภพ","พรรคภูมิใจไทย"
"นายอำนาจ  วิลาวัลย์","พรรคภูมิใจไทย"
"นายอิทธิพล  ชลธราศิริ","พรรคก้าวไกล"
"นายเอกธนัช  อินทร์รอด","พรรคเพื่อไทย"
"นายเอกนัฏ  พร้อมพันธุ์","พรรครวมไทยสร้างชาติ"
"นายเอกราช  ช่างเหลา","พรรคภูมิใจไทย"
"นายเอกราช  อุดมอำนวย","พรรคก้าวไกล"
"นางสาวแอนศิริ  วลัยกนก","พรรคก้าวไกล"
"นายโอชิษฐ์  เกียรติก้องชูชัย","พรรคเพื่อไทย"
